size;seed;steps;sum;nano;
32768;1337;1;35184817324196;131100
32768;1337;2;17626614234502;18900
32768;1337;4;8826782324468;17300
32768;1337;8;4434017671041;9500
32768;1337;16;2179303195473;7800
32768;1337;32;1100565518158;6900
65536;1337;1;70429095177083;44100
65536;1337;2;35180076788912;33100
65536;1337;4;17630737619345;22900
65536;1337;8;8854572563750;16000
65536;1337;16;4339986245375;17800
65536;1337;32;2170999685169;15200
98304;1337;1;105612748558205;82700
98304;1337;2;52800349049298;49900
98304;1337;4;26482143920017;33500
98304;1337;8;13323565250479;27800
98304;1337;16;6560344967657;19000
98304;1337;32;3251916810293;23500
131072;1337;1;140711521296441;81000
131072;1337;2;70372152444487;41300
131072;1337;4;35257743866539;35000
131072;1337;8;17727315706548;15000
131072;1337;16;8770185294619;11300
131072;1337;32;4362806351494;11400
163840;1337;1;175964114832629;157400
163840;1337;2;88084674664198;94600
163840;1337;4;44109894110264;64000
163840;1337;8;22124912959260;48800
163840;1337;16;10960813050244;38200
163840;1337;32;5445659501539;191200
196608;1337;1;211223211412574;130100
196608;1337;2;105707479678314;57900
196608;1337;4;52889821226495;66500
196608;1337;8;26514218823272;117000
196608;1337;16;13152837705414;21900
196608;1337;32;6529623787587;13200
229376;1337;1;246283200571455;111200
229376;1337;2;123198785958533;71700
229376;1337;4;61619862687345;57200
229376;1337;8;30934335168529;49500
229376;1337;16;15387650353831;32000
229376;1337;32;7640614788887;48600
262144;1337;1;281477664831555;225700
262144;1337;2;140740134656340;141900
262144;1337;4;70421969364274;105500
262144;1337;8;35338371418849;97500
262144;1337;16;17610648635716;76400
262144;1337;32;8753854474265;123200
294912;1337;1;316545993459669;331000
294912;1337;2;158257461744179;183000
294912;1337;4;79126977797155;128000
294912;1337;8;39715759173746;130600
294912;1337;16;19822777889246;107900
294912;1337;32;9855721634765;105700
327680;1337;1;351813287384731;351000
327680;1337;2;175941761925143;239100
327680;1337;4;88090081987399;136400
327680;1337;8;44197101076940;121900
327680;1337;16;22070648528931;150800
327680;1337;32;10984249721744;88000
360448;1337;1;387103361415667;385800
360448;1337;2;193626141219960;238700
360448;1337;4;97023458764797;203300
360448;1337;8;48691591884391;156700
360448;1337;16;24305208992687;149800
360448;1337;32;12093005876973;110400
393216;1337;1;422370627165785;456200
393216;1337;2;211456525969856;269300
393216;1337;4;105910959586085;189700
393216;1337;8;53132205035197;165500
393216;1337;16;26561592048435;151400
393216;1337;32;13215857137186;109500
425984;1337;1;457469378693944;394000
425984;1337;2;229054557234130;195500
425984;1337;4;114720437856706;155500
425984;1337;8;57551325498908;153400
425984;1337;16;28767493420904;101300
425984;1337;32;14297054885852;79800
458752;1337;1;492567944511850;285300
458752;1337;2;246586198485955;165900
458752;1337;4;123462919605841;149700
458752;1337;8;61946021338575;115700
458752;1337;16;30950274910160;287100
458752;1337;32;15386498765700;147000
491520;1337;1;527816876694796;547100
491520;1337;2;264137106313313;224700
491520;1337;4;132203914965929;154900
491520;1337;8;66341026902874;162500
491520;1337;16;33131600698780;156700
491520;1337;32;16503473091103;198000
524288;1337;1;562925851718624;338300
524288;1337;2;281693599737077;190400
524288;1337;4;140996579431649;172300
524288;1337;8;70711495655421;162200
524288;1337;16;35312477186738;140200
524288;1337;32;17599778262508;160600
557056;1337;1;598159932696182;477100
557056;1337;2;299188570589878;327100
557056;1337;4;149791208075006;162100
557056;1337;8;75112249647394;175200
557056;1337;16;37503405710899;159900
557056;1337;32;18686396349500;124600
589824;1337;1;633508539433375;448300
589824;1337;2;316839404579996;223500
589824;1337;4;158564178886181;179700
589824;1337;8;79563631546160;200300
589824;1337;16;39744944897248;211600
589824;1337;32;19814815071938;152100
622592;1337;1;668692957453518;323600
622592;1337;2;334445394750897;313700
622592;1337;4;167377442331005;219100
622592;1337;8;83938455378407;151200
622592;1337;16;41955028356215;154200
622592;1337;32;20929092279893;148400
655360;1337;1;703727889207827;486600
655360;1337;2;351926855995699;400600
655360;1337;4;176069482822028;249900
655360;1337;8;88204224093876;169300
655360;1337;16;44077822429836;194200
655360;1337;32;21993649529998;157600
688128;1337;1;739040407338863;538900
688128;1337;2;369570105195147;228800
688128;1337;4;184986344848302;255900
688128;1337;8;92677770721735;187000
688128;1337;16;46321951192043;315200
688128;1337;32;23126122753180;127100
720896;1337;1;774240391726072;381300
720896;1337;2;387188524925675;229100
720896;1337;4;193731226230849;250900
720896;1337;8;97014667244009;216400
720896;1337;16;48468201133426;190400
720896;1337;32;24187178537224;127400
753664;1337;1;809384222828027;464300
753664;1337;2;404727346568025;268000
753664;1337;4;202556880776455;237800
753664;1337;8;101421368300831;283500
753664;1337;16;50654459303819;300100
753664;1337;32;25262034804460;211500
786432;1337;1;844572851241806;458300
786432;1337;2;422408701748205;314500
786432;1337;4;211394582756753;250500
786432;1337;8;105886467165905;242300
786432;1337;16;52926359780804;208000
786432;1337;32;26382429150035;154200
819200;1337;1;879799248943590;545500
819200;1337;2;440060368363052;354800
819200;1337;4;220197839777447;255700
819200;1337;8;110285370613513;198700
819200;1337;16;55127460930748;183800
819200;1337;32;27483572888062;211900
851968;1337;1;914950141187367;905700
851968;1337;2;457655044017884;733500
851968;1337;4;228992429931530;456400
851968;1337;8;114699721513003;407400
851968;1337;16;57331035014272;308300
851968;1337;32;28566541288859;223200
884736;1337;1;950035018640635;914600
884736;1337;2;475143830707118;355900
884736;1337;4;237795816818989;275500
884736;1337;8;119137377188189;298300
884736;1337;16;59559074065343;275100
884736;1337;32;29678505192983;185400
917504;1337;1;985258164392174;536600
917504;1337;2;492738674259110;337100
917504;1337;4;246546505708950;352800
917504;1337;8;123513615294180;308800
917504;1337;16;61758382127895;219000
917504;1337;32;30763451330604;259800
950272;1337;1;1020660821197295;546000
950272;1337;2;510403974829711;364000
950272;1337;4;255386449801995;330000
950272;1337;8;127908267616647;451200
950272;1337;16;63972223031420;201300
950272;1337;32;31877225805819;280500
983040;1337;1;1055811945479530;610000
983040;1337;2;527972556850800;489400
983040;1337;4;264179991833323;400400
983040;1337;8;132337940253708;390700
983040;1337;16;66182920995264;313700
983040;1337;32;32989301006715;284000
1015808;1337;1;1091242755782714;1245600
1015808;1337;2;545724666517119;736400
1015808;1337;4;273035526911299;500600
1015808;1337;8;136780257369068;536900
1015808;1337;16;68436994325413;392900
1015808;1337;32;34078462949070;285500
1048576;1337;1;1126338539341218;1542300
1048576;1337;2;563209651958885;712800
1048576;1337;4;281782954610303;509400
1048576;1337;8;141152538005676;353600
1048576;1337;16;70634784939898;442100
1048576;1337;32;35190308989892;462500
1081344;1337;1;1161489022996826;704000
1081344;1337;2;580790877769200;414000
1081344;1337;4;290555275433346;434200
1081344;1337;8;145563455501649;358200
1081344;1337;16;72877547713670;266100
1081344;1337;32;36300075863863;397300
1114112;1337;1;1196708622488396;846200
1114112;1337;2;598500506467971;796900
1114112;1337;4;299393477071833;520200
1114112;1337;8;150017688916248;494400
1114112;1337;16;75116412533228;608700
1114112;1337;32;37400747270429;371600
1146880;1337;1;1232001884034269;1198900
1146880;1337;2;616240462132516;558800
1146880;1337;4;308277978919683;346900
1146880;1337;8;154449991798300;316000
1146880;1337;16;77323353009814;457500
1146880;1337;32;38499183931823;224800
1179648;1337;1;1267118920443030;829300
1179648;1337;2;633820488575771;429100
1179648;1337;4;317120035254976;547900
1179648;1337;8;158828124458687;503900
1179648;1337;16;79504588922032;318000
1179648;1337;32;39594082250598;468000
1212416;1337;1;1302141546174129;668100
1212416;1337;2;651259837838291;473500
1212416;1337;4;325743163913180;464800
1212416;1337;8;163103928897301;411400
1212416;1337;16;81641551208050;385900
1212416;1337;32;40656119712570;351300
1245184;1337;1;1337142877150052;934300
1245184;1337;2;668690003149921;595200
1245184;1337;4;334499225356531;412800
1245184;1337;8;167512021125417;481500
1245184;1337;16;83843086701525;378600
1245184;1337;32;41762006848546;273400
1277952;1337;1;1372318870505108;658400
1277952;1337;2;686251555224250;650300
1277952;1337;4;343211339157353;520900
1277952;1337;8;171883727747881;317100
1277952;1337;16;86040187067879;499600
1277952;1337;32;42827782564590;269900
1310720;1337;1;1407395736852814;811100
1310720;1337;2;703726170491015;637800
1310720;1337;4;351975059500520;422400
1310720;1337;8;176265225285018;325600
1310720;1337;16;88240647944882;401400
1310720;1337;32;43945270428409;255400
1343488;1337;1;1442482329417369;726300
1343488;1337;2;721251658840900;462700
1343488;1337;4;360730825529795;471400
1343488;1337;8;180625253377129;341200
1343488;1337;16;90411334292747;332300
1343488;1337;32;45048520534446;238500
1376256;1337;1;1477668979131683;785700
1376256;1337;2;738849727761218;631400
1376256;1337;4;369606214150983;452000
1376256;1337;8;185095800800681;501800
1376256;1337;16;92655622095187;586200
1376256;1337;32;46183753750957;343900
1409024;1337;1;1512770361135054;982100
1409024;1337;2;756338427723044;502800
1409024;1337;4;378260899383371;493700
1409024;1337;8;189417582666616;364600
1409024;1337;16;94825384275642;338900
1409024;1337;32;47260251141077;313800
1441792;1337;1;1547748164427463;985700
1441792;1337;2;773811421286238;739900
1441792;1337;4;387017839237731;600800
1441792;1337;8;193795824126505;392000
1441792;1337;16;97028886488120;402900
1441792;1337;32;48355766675037;272800
1474560;1337;1;1582767928142546;804700
1474560;1337;2;791292910904690;581800
1474560;1337;4;395687986291344;458100
1474560;1337;8;198102469542667;951500
1474560;1337;16;99186426104385;390900
1474560;1337;32;49410468171719;414700
1507328;1337;1;1617833035955340;907500
1507328;1337;2;808887317869216;713900
1507328;1337;4;404441089111454;680200
1507328;1337;8;202479282510988;423800
1507328;1337;16;101361495361925;433000
1507328;1337;32;50506867643326;308700
1540096;1337;1;1652993119052319;891200
1540096;1337;2;826425219800674;653900
1540096;1337;4;413191465287316;488000
1540096;1337;8;206882744123113;445100
1540096;1337;16;103579155908474;557300
1540096;1337;32;51620265422951;433800
1572864;1337;1;1688161397712786;797700
1572864;1337;2;843935016351175;652100
1572864;1337;4;421972926941772;759400
1572864;1337;8;211284295401524;393700
1572864;1337;16;105757969832824;396700
1572864;1337;32;52713102926502;264600
1605632;1337;1;1723508033273309;1172700
1605632;1337;2;861707294712173;830100
1605632;1337;4;430934642487924;477500
1605632;1337;8;215740044973999;444400
1605632;1337;16;108009741455167;380100
1605632;1337;32;53861572128086;321100
1638400;1337;1;1758758488269207;856800
1638400;1337;2;879245594468407;762200
1638400;1337;4;439658682291652;659300
1638400;1337;8;220119957278478;430700
1638400;1337;16;110206479851423;455000
1638400;1337;32;54959117734736;349000
1671168;1337;1;1793848169831707;978300
1671168;1337;2;896770302549443;545600
1671168;1337;4;448398830171453;453600
1671168;1337;8;224493801291027;529000
1671168;1337;16;112374416348865;526300
1671168;1337;32;56027111816158;672800
1703936;1337;1;1829153960641248;1366900
1703936;1337;2;914400333586246;1123600
1703936;1337;4;457215076086136;884600
1703936;1337;8;228896523530258;594700
1703936;1337;16;114549523926571;483400
1703936;1337;32;57100045727463;364000
1736704;1337;1;1864297482431426;1233700
1736704;1337;2;931942268903276;672900
1736704;1337;4;465987361208901;615900
1736704;1337;8;233273669677351;460600
1736704;1337;16;116747787101633;447400
1736704;1337;32;58160971975862;407100
1769472;1337;1;1899547177927326;965000
1769472;1337;2;949612602203484;939300
1769472;1337;4;474778996227089;618900
1769472;1337;8;237704481624255;494700
1769472;1337;16;118992093567539;443600
1769472;1337;32;59299527292336;370400
1802240;1337;1;1934770416555833;1087000
1802240;1337;2;967315626802933;879600
1802240;1337;4;483615699211162;587900
1802240;1337;8;242139287449624;528400
1802240;1337;16;121183290329155;653100
1802240;1337;32;60428802701811;331800
1835008;1337;1;1969911817663978;1252200
1835008;1337;2;984978769530930;849200
1835008;1337;4;492382348537194;649400
1835008;1337;8;246529654373311;527900
1835008;1337;16;123344708729206;473700
1835008;1337;32;61506600282144;372300
1867776;1337;1;2005234502328148;1367200
1867776;1337;2;1002597621631753;796400
1867776;1337;4;501123825610174;514200
1867776;1337;8;250887461009857;422600
1867776;1337;16;125493813208549;478600
1867776;1337;32;62574764455912;356700
1900544;1337;1;2040252284284490;1099200
1900544;1337;2;1020044412678367;757800
1900544;1337;4;509875687381850;508300
1900544;1337;8;255310142826668;605800
1900544;1337;16;127696300279235;486800
1900544;1337;32;63680044165745;470100
1933312;1337;1;2075507909178603;1307400
1933312;1337;2;1037728625360895;856500
1933312;1337;4;518757189508622;558900
1933312;1337;8;259746606319227;639900
1933312;1337;16;129894998463234;6875900
1933312;1337;32;64792555562204;506800
1966080;1337;1;2110630799957859;1832400
1966080;1337;2;1055377986403326;947900
1966080;1337;4;527556111315922;941900
1966080;1337;8;264112508430260;565800
1966080;1337;16;132085649744958;563900
1966080;1337;32;65878688106682;609300
1998848;1337;1;2145650367831917;3017400
1998848;1337;2;1072936882793000;979100
1998848;1337;4;536318467987404;719500
1998848;1337;8;268509040835873;560300
1998848;1337;16;134292936313302;509600
1998848;1337;32;67001261871651;394800
2031616;1337;1;2180911146447746;1503300
2031616;1337;2;1090592100145821;889100
2031616;1337;4;545119961258007;908800
2031616;1337;8;272898858244605;529000
2031616;1337;16;136462555104570;527400
2031616;1337;32;68089660921950;550900
2064384;1337;1;2216061959527561;1320000
2064384;1337;2;1108154732023244;813000
2064384;1337;4;553848615046969;601400
2064384;1337;8;277251484485553;765400
2064384;1337;16;138641262101899;601500
2064384;1337;32;69177968161174;393600
2097152;1337;1;2251262061550586;1675800
2097152;1337;2;1125822317682626;1056500
2097152;1337;4;562605811320178;800300
2097152;1337;8;281631381586174;517500
2097152;1337;16;140819692435928;549200
2097152;1337;32;70272403066001;738100
2129920;1337;1;2286518762138483;1554900
2129920;1337;2;1143601702880744;894600
2129920;1337;4;571613086007895;861100
2129920;1337;8;286126185793468;647000
2129920;1337;16;143065521840354;510800
2129920;1337;32;71398482202395;459300
2162688;1337;1;2321778363584317;2251100
2162688;1337;2;1161269027902331;865900
2162688;1337;4;580393459171269;756300
2162688;1337;8;290489523710577;731400
2162688;1337;16;145268947035594;818200
2162688;1337;32;72505187591315;761100
2195456;1337;1;2356929343339976;1490400
2195456;1337;2;1178895309015421;778100
2195456;1337;4;589226580770853;741600
2195456;1337;8;294890255885962;515500
2195456;1337;16;147426401593254;566500
2195456;1337;32;73568471446088;436200
2228224;1337;1;2392185532840924;1319100
2228224;1337;2;1196513559949534;890600
2228224;1337;4;598053559340433;860700
2228224;1337;8;299240606490266;581100
2228224;1337;16;149637416049053;559300
2228224;1337;32;74655566683001;621100
2260992;1337;1;2427405101381680;1273100
2260992;1337;2;1214115628771514;915400
2260992;1337;4;606824846439028;741800
2260992;1337;8;303626167628299;538900
2260992;1337;16;151836768196453;718100
2260992;1337;32;75760557913145;476700
2293760;1337;1;2462666341056318;3049000
2293760;1337;2;1231735682217389;1192500
2293760;1337;4;615666942218651;667200
2293760;1337;8;308074499693132;719700
2293760;1337;16;154076683640683;989400
2293760;1337;32;76881683491890;499300
2326528;1337;1;2497736995859440;1246600
2326528;1337;2;1249339145053258;1319400
2326528;1337;4;624476059144621;831300
2326528;1337;8;312467546931549;889400
2326528;1337;16;156266424260529;851200
2326528;1337;32;77964239407986;628500
2359296;1337;1;2533165731309384;1934800
2359296;1337;2;1267090178522909;868500
2359296;1337;4;633411869649255;1088000
2359296;1337;8;316951051977282;860700
2359296;1337;16;158512355576963;1330300
2359296;1337;32;79080316935210;789300
2392064;1337;1;2568296868966668;2630900
2392064;1337;2;1284748020395125;1110900
2392064;1337;4;642196201516757;891300
2392064;1337;8;321338624590976;798300
2392064;1337;16;160692342465258;945700
2392064;1337;32;80163572254399;559300
2424832;1337;1;2603403612956205;1560300
2424832;1337;2;1302343045093052;1069200
2424832;1337;4;651027988608104;919300
2424832;1337;8;325739149491800;576600
2424832;1337;16;162917386738530;751600
2424832;1337;32;81261165350486;706300
2457600;1337;1;2638456905178286;1608000
2457600;1337;2;1319729394498519;1176700
2457600;1337;4;659780818588312;1184800
2457600;1337;8;330071222869248;1452800
2457600;1337;16;165109153828850;764800
2457600;1337;32;82343722804619;494000
2490368;1337;1;2673566519307598;1442400
2490368;1337;2;1337320142913913;848000
2490368;1337;4;668532447605693;1114400
2490368;1337;8;334416608689603;737100
2490368;1337;16;167276994100099;816900
2490368;1337;32;83431555498977;629000
2523136;1337;1;2708931010506272;1607000
2523136;1337;2;1354926857598146;1761700
2523136;1337;4;677336774809440;1142500
2523136;1337;8;338859693609823;814100
2523136;1337;16;169479024043032;869200
2523136;1337;32;84516127825024;493000
2555904;1337;1;2743981220566018;1273800
2555904;1337;2;1372464164904596;1007300
2555904;1337;4;686101400948490;837700
2555904;1337;8;343219062567173;663800
2555904;1337;16;171691092175792;774400
2555904;1337;32;85626447191710;471600
2588672;1337;1;2779107653015073;1378700
2588672;1337;2;1390019615000747;971100
2588672;1337;4;694894310996042;822200
2588672;1337;8;347631534692016;836400
2588672;1337;16;173908868834865;626900
2588672;1337;32;86734018834666;624200
2621440;1337;1;2814203487185380;2362200
2621440;1337;2;1407637721887770;999500
2621440;1337;4;703647170508646;851700
2621440;1337;8;351990988807915;553400
2621440;1337;16;176091923266668;785400
2621440;1337;32;87829646396394;452200
2654208;1337;1;2849332032336131;1567700
2654208;1337;2;1425132517396597;985000
2654208;1337;4;712312012737009;951800
2654208;1337;8;356338129784158;717700
2654208;1337;16;178277283897857;561000
2654208;1337;32;88916200465685;552800
2686976;1337;1;2884814707190677;1332400
2686976;1337;2;1442867867632292;1425400
2686976;1337;4;721177779163568;1297100
2686976;1337;8;360752361257919;721300
2686976;1337;16;180464136963749;671800
2686976;1337;32;89981076200927;559000
2719744;1337;1;2920080406512014;2225200
2719744;1337;2;1460468715735693;1217500
2719744;1337;4;729988524022852;833300
2719744;1337;8;365113190765442;712200
2719744;1337;16;182682818182571;612800
2719744;1337;32;91106424044774;532300
2752512;1337;1;2955156757393337;1518100
2752512;1337;2;1478080928710182;1270100
2752512;1337;4;738873945159521;886800
2752512;1337;8;369532631669223;881100
2752512;1337;16;184894421170887;624100
2752512;1337;32;92231816550418;604800
2785280;1337;1;2990415148710509;2210700
2785280;1337;2;1495738323938035;1077400
2785280;1337;4;747730961006613;1395600
