repetition,host,arch,system,name,nthreads,nb_ops,latency
1,ace,cheri,CLHT,YCSB-C,4,1000000,310.08
3,ace,cheri,CLHT,insert,4,1000000,154680.28
0,ace,cheri,CLHT,YCSB-C,1,5000000,322.07
1,ace,aarch64,CLHT,read,4,5000000,252.78
2,ace,cheri,CLHT,read,1,5000000,351.26
1,ace,aarch64,btree,update,1,10000000,1489.08
3,ace,aarch64,linklist,YCSB-B,1,10000,1335161.310244
3,ace,cheri,queue,queue_bench,1,100000000,1736.770
1,ace,aarch64,btree,insert,1,6000000,1526.88
2,ace,cheri,btree,YCSB-B,1,8000000,1330.07042944
3,ace,cheri,linklist,scan,1,10000,1534719.35
0,ace,cheri,linklist,YCSB-F,1,10000,2692890.700213049
4,ace,aarch64,btree,YCSB-D,1,8000000,1080.64661954125
2,ace,aarch64,CLHT,insert,4,1000000,122013.5
3,ace,aarch64,skiplist,insert,1,1000000,18180.45
1,ace,aarch64,skiplist,YCSB-C,1,5000000,4977.76
3,ace,cheri,btree,insert,1,6000000,1935.36
0,ace,aarch64,linklist,read,1,25000,2656806.15
3,ace,cheri,skiplist,YCSB-C,1,5000000,7758.02
2,ace,cheri,linklist,scan,1,10000,1485803.48
3,ace,cheri,btree,scan,1,8000000,1493.31
2,ace,aarch64,skiplist,YCSB-D,1,2000000,4491.52792085
4,ace,aarch64,queue,queue_bench,1,100000000,181.446
3,ace,cheri,btree,YCSB-F,1,6000000,1249.3510889343459
0,ace,cheri,ART,YCSB-C,1,6000000,1861.12
3,ace,cheri,ART,read,1,6000000,2161.90
2,ace,aarch64,btree,YCSB-E,1,8000000,1217.7158794
1,ace,cheri,skiplist,YCSB-E,1,5000000,15744.945171772
0,ace,aarch64,linklist,YCSB-E,1,25000,2596494.0300576
4,ace,cheri,ART,YCSB-C,1,6000000,1856.96
0,ace,cheri,btree,YCSB-C,1,8000000,1302.14
0,ace,cheri,CLHT,YCSB-C,4,1000000,310.26
2,ace,cheri,btree,YCSB-D,1,8000000,1256.7214344200002
4,ace,aarch64,CLHT,read,4,5000000,249.99
4,ace,cheri,ART,read,1,6000000,2187.36
0,ace,cheri,linklist,YCSB-A,1,10000,2703205.1679519997
2,ace,aarch64,ART,YCSB-C,1,6000000,1571.39
2,ace,cheri,linklist,YCSB-E,1,25000,3450709.7238112
2,ace,cheri,linklist,read,1,25000,3390237.97
3,ace,cheri,skiplist,insert,1,1000000,23967.33
2,ace,aarch64,linklist,YCSB-F,1,10000,1680912.8613055074
4,ace,cheri,CLHT,YCSB-C,4,1000000,309.98
0,ace,aarch64,CLHT,read,4,5000000,256.59
4,ace,cheri,linklist,YCSB-F,1,10000,2635297.1295072776
0,ace,cheri,skiplist,insert,1,1000000,23896.17
3,ace,aarch64,skiplist,YCSB-C,1,5000000,4991.12
2,ace,cheri,ART,YCSB-C,1,6000000,1860.44
2,ace,cheri,queue,queue_bench,4,100000000,1071.680
1,ace,cheri,linklist,YCSB-F,1,10000,2692571.8928309437
4,ace,aarch64,CLHT,read,1,5000000,254.07
4,ace,cheri,skiplist,insert,1,1000000,23920.97
3,ace,aarch64,ART,scan,1,60000,274957.56
2,ace,aarch64,ART,read,1,6000000,1828.69
1,ace,aarch64,linklist,YCSB-B,1,10000,1310364.7181910002
2,ace,aarch64,linklist,read,1,25000,2666631.05
1,ace,cheri,ART,read,1,6000000,2145.81
1,ace,aarch64,skiplist,YCSB-E,1,5000000,11564.375758156
0,ace,aarch64,linklist,scan,1,10000,1109091.03
1,ace,cheri,linklist,read,1,25000,3347055.05
3,ace,aarch64,linklist,YCSB-E,1,25000,2668920.2601596
1,ace,aarch64,CLHT,insert,4,1000000,123275.78
3,ace,cheri,linklist,update,1,12500,3365044.92
1,ace,aarch64,btree,YCSB-D,1,8000000,1080.8290730699998
0,ace,cheri,btree,YCSB-E,1,8000000,1409.0257372249998
3,ace,aarch64,CLHT,YCSB-C,1,5000000,213.32
0,ace,aarch64,skiplist,YCSB-E,1,5000000,11692.3433052
1,ace,cheri,CLHT,read,4,5000000,342.51
3,ace,cheri,ART,scan,1,60000,382300.96
1,ace,cheri,CLHT,read,1,5000000,351.29
0,ace,aarch64,ART,YCSB-E,1,400000,37192.624631
1,ace,cheri,btree,YCSB-A,1,8000000,1556.86498628
2,ace,cheri,linklist,YCSB-B,1,10000,2001888.684796
1,ace,cheri,ART,YCSB-D,1,5000000,2944.49496448
2,ace,aarch64,btree,YCSB-B,1,8000000,1152.3496636749999
3,ace,aarch64,btree,YCSB-D,1,8000000,1081.49231616125
2,ace,cheri,btree,YCSB-F,1,6000000,1250.3607309269742
4,ace,aarch64,btree,YCSB-E,1,8000000,1216.3855080925
3,ace,aarch64,ART,YCSB-E,1,400000,37228.745789450004
3,ace,cheri,skiplist,YCSB-E,1,5000000,15665.371859408002
4,ace,aarch64,CLHT,insert,4,1000000,123045.71
4,ace,aarch64,ART,YCSB-E,1,400000,37231.0425653
3,ace,aarch64,btree,YCSB-E,1,8000000,1217.4204003974999
3,ace,aarch64,linklist,YCSB-F,1,10000,1687493.300861104
1,ace,cheri,skiplist,YCSB-D,1,2000000,6717.454821550001
1,ace,aarch64,ART,read,1,6000000,1824.90
1,ace,aarch64,CLHT,YCSB-C,4,1000000,212.69
0,ace,aarch64,btree,read,1,8000000,1300.69
1,ace,cheri,CLHT,insert,4,1000000,153946.53
4,ace,aarch64,linklist,YCSB-C,1,25000,2694899.35
4,ace,aarch64,skiplist,insert,1,1000000,18122.61
4,ace,aarch64,linklist,YCSB-E,1,25000,2644429.7589504
1,ace,aarch64,btree,YCSB-A,1,8000000,1221.77627676875
0,ace,cheri,ART,read,1,6000000,2168.27
1,ace,cheri,btree,update,1,10000000,1984.39
3,ace,cheri,linklist,YCSB-A,1,10000,2709214.092302
4,ace,aarch64,skiplist,scan,1,1000000,52808.86
1,ace,cheri,ART,YCSB-C,1,6000000,1864.29
2,ace,cheri,btree,read,1,8000000,1469.36
2,ace,cheri,CLHT,read,4,5000000,341.97
4,ace,cheri,ART,insert,1,1000000,22327.96
1,ace,cheri,btree,YCSB-C,1,8000000,1306.82
2,ace,aarch64,linklist,YCSB-D,1,25000,4670573.806
1,ace,aarch64,ART,YCSB-C,1,6000000,1571.39
3,ace,aarch64,btree,YCSB-F,1,6000000,964.0258025105395
2,ace,cheri,linklist,YCSB-C,1,25000,3480750.83
0,ace,aarch64,skiplist,read,1,3000000,5009.28
2,ace,aarch64,linklist,YCSB-E,1,25000,2618814.5098896
1,ace,aarch64,queue,queue_bench,1,100000000,181.504
2,ace,aarch64,btree,update,1,10000000,1489.42
4,ace,cheri,linklist,insert,1,5000000,14223.24
2,ace,aarch64,btree,YCSB-A,1,8000000,1221.473053955
3,ace,aarch64,btree,YCSB-B,1,8000000,1152.8531455000002
2,ace,aarch64,CLHT,insert,1,1000000,13904.35
1,ace,aarch64,ART,scan,1,60000,274660.21
1,ace,cheri,skiplist,insert,1,1000000,23962.17
1,ace,aarch64,linklist,scan,1,10000,1108700.33
0,ace,cheri,btree,insert,1,6000000,1934.19
4,ace,cheri,btree,YCSB-A,1,8000000,1556.85226804875
0,ace,cheri,skiplist,YCSB-E,1,5000000,15719.437617504002
4,ace,cheri,queue,queue_bench,1,100000000,1736.500
4,ace,cheri,ART,YCSB-E,1,400000,56791.813990200004
3,ace,cheri,CLHT,YCSB-C,4,1000000,326.67
3,ace,aarch64,CLHT,YCSB-C,4,1000000,216.7
3,ace,aarch64,btree,scan,1,8000000,1309.92
0,ace,aarch64,btree,YCSB-D,1,8000000,1082.11784149
0,ace,aarch64,ART,insert,1,1000000,7450.02
4,ace,cheri,btree,update,1,10000000,1983.26
1,ace,cheri,linklist,scan,1,10000,1468914.91
3,ace,aarch64,btree,insert,1,6000000,1527.17
0,ace,cheri,linklist,scan,1,10000,1511577.01
3,ace,cheri,linklist,YCSB-F,1,10000,2685672.0444984254
4,ace,aarch64,ART,insert,1,1000000,7446.61
1,ace,cheri,linklist,insert,1,5000000,14246.2
3,ace,cheri,btree,update,1,10000000,1985.25
4,ace,cheri,ART,scan,1,60000,372910.93
4,ace,cheri,linklist,YCSB-C,1,25000,3419220.84
1,ace,aarch64,linklist,YCSB-F,1,10000,1696663.3768409817
2,ace,cheri,linklist,YCSB-A,1,10000,2662499.582484
2,ace,aarch64,btree,insert,1,6000000,1530.05
2,ace,cheri,btree,insert,1,6000000,1928.57
4,ace,cheri,btree,YCSB-E,1,8000000,1408.4496859625
4,ace,cheri,skiplist,scan,1,1000000,60956.07
4,ace,cheri,btree,scan,1,8000000,1495.01
3,ace,cheri,ART,YCSB-C,1,6000000,1871.65
3,ace,aarch64,queue,queue_bench,1,100000000,181.545
0,ace,cheri,btree,scan,1,8000000,1501.98
0,ace,cheri,CLHT,read,4,5000000,342.11
2,ace,aarch64,linklist,update,1,12500,2278006.18
1,ace,cheri,CLHT,YCSB-C,1,5000000,322.16
2,ace,aarch64,btree,scan,1,8000000,1309.09
0,ace,cheri,CLHT,insert,1,1000000,25373.22
3,ace,aarch64,btree,YCSB-C,1,8000000,1142.6
4,ace,cheri,CLHT,insert,4,1000000,153156.41
3,ace,aarch64,queue,queue_bench,4,100000000,427.814
0,ace,cheri,ART,YCSB-D,1,5000000,2949.090859508
4,ace,cheri,CLHT,read,1,5000000,351.97
4,ace,aarch64,btree,insert,1,6000000,1520.65
4,ace,cheri,btree,YCSB-C,1,8000000,1308.66
4,ace,aarch64,CLHT,YCSB-C,1,10000000,213.71
2,ace,cheri,btree,YCSB-E,1,8000000,1404.0310124599998
3,ace,aarch64,linklist,insert,1,5000000,5695.28
4,ace,cheri,queue,queue_bench,4,100000000,1074.280
3,ace,cheri,CLHT,YCSB-C,1,5000000,321.87
1,ace,cheri,linklist,YCSB-C,1,25000,3422721.61
4,ace,aarch64,ART,read,1,6000000,1828.86
4,ace,cheri,btree,read,1,8000000,1461.09
1,ace,cheri,btree,read,1,8000000,1462.26
3,ace,cheri,btree,YCSB-B,1,8000000,1336.9561681349996
3,ace,cheri,ART,YCSB-D,1,5000000,2942.551031264
4,ace,aarch64,linklist,update,1,12500,2288707.26
3,ace,aarch64,linklist,YCSB-D,1,25000,4654215.223227999
2,ace,cheri,ART,YCSB-E,1,400000,56765.17120820001
4,ace,cheri,btree,YCSB-D,1,8000000,1257.0206213287502
3,ace,cheri,btree,YCSB-E,1,8000000,1403.94974695
3,ace,cheri,skiplist,read,1,3000000,7804.29
1,ace,aarch64,btree,YCSB-B,1,8000000,1152.6734682525
2,ace,aarch64,skiplist,YCSB-C,1,5000000,4991.72
1,ace,cheri,skiplist,YCSB-C,1,5000000,7765.65
4,ace,cheri,btree,YCSB-B,1,8000000,1335.19789187875
4,ace,cheri,linklist,YCSB-D,1,25000,6097562.139604799
0,ace,aarch64,ART,YCSB-C,1,6000000,1570.08
4,ace,cheri,CLHT,YCSB-C,1,5000000,318.02
0,ace,aarch64,btree,YCSB-C,1,8000000,1142.71
4,ace,aarch64,btree,YCSB-B,1,8000000,1151.8967854
1,ace,cheri,ART,YCSB-E,1,400000,56696.8196431
1,ace,cheri,skiplist,scan,1,1000000,60943.75
2,ace,aarch64,CLHT,read,1,5000000,253.77
4,ace,aarch64,linklist,YCSB-D,1,25000,4651589.937499999
0,ace,aarch64,CLHT,YCSB-C,4,1000000,217.85
1,ace,aarch64,ART,YCSB-E,1,400000,37219.59342875
0,ace,aarch64,btree,YCSB-E,1,8000000,1218.4264225349998
3,ace,aarch64,linklist,scan,1,10000,1101512.83
2,ace,cheri,skiplist,YCSB-E,1,5000000,15781.2003166
1,ace,aarch64,linklist,YCSB-C,1,25000,2648448.83
1,ace,cheri,btree,YCSB-D,1,8000000,1255.11682634
2,ace,aarch64,linklist,YCSB-B,1,10000,1298950.29513
1,ace,aarch64,skiplist,insert,1,1000000,18108.84
0,ace,cheri,skiplist,read,1,3000000,7803.72
4,ace,aarch64,linklist,YCSB-F,1,10000,1674346.4500166944
1,ace,aarch64,linklist,insert,1,5000000,5701.72
0,ace,cheri,linklist,YCSB-B,1,10000,1945340.3844750004
2,ace,cheri,CLHT,insert,1,1000000,25425.36
2,ace,cheri,btree,YCSB-A,1,8000000,1556.14575235875
4,ace,aarch64,linklist,read,1,25000,2578347.33
1,ace,aarch64,queue,queue_bench,4,100000000,432.247
1,ace,cheri,linklist,YCSB-B,1,10000,1997355.677212
2,ace,cheri,CLHT,insert,4,1000000,154373.44
0,ace,aarch64,skiplist,YCSB-C,1,5000000,4979.12
0,ace,aarch64,btree,scan,1,8000000,1308.79
4,ace,aarch64,btree,scan,1,8000000,1309.48
3,ace,cheri,linklist,YCSB-E,1,25000,3473163.2763615996
2,ace,aarch64,CLHT,read,4,5000000,251.75
2,ace,cheri,skiplist,read,1,3000000,7815.13
2,ace,cheri,CLHT,YCSB-C,4,1000000,310.85
1,ace,aarch64,linklist,YCSB-A,1,10000,1705339.2869310002
1,ace,cheri,ART,insert,1,1000000,22382.59
2,ace,aarch64,queue,queue_bench,1,100000000,181.107
0,ace,cheri,btree,YCSB-D,1,8000000,1260.4282565475
4,ace,cheri,CLHT,read,4,5000000,342.28
3,ace,aarch64,CLHT,read,4,5000000,254.8
1,ace,cheri,btree,YCSB-E,1,8000000,1407.1713235800003
1,ace,aarch64,skiplist,scan,1,1000000,52981.69
0,ace,cheri,btree,YCSB-F,1,6000000,1250.7519859594515
3,ace,aarch64,skiplist,scan,1,1000000,52909.02
0,ace,cheri,btree,YCSB-A,1,8000000,1557.4538271175
4,ace,aarch64,CLHT,insert,1,1000000,13848.84
0,ace,aarch64,btree,YCSB-B,1,8000000,1153.5552185499996
1,ace,cheri,linklist,update,1,12500,3363915.84
2,ace,cheri,ART,scan,1,60000,382952.34
0,ace,aarch64,CLHT,insert,4,1000000,122935.56
4,ace,aarch64,skiplist,read,1,3000000,5003.69
0,ace,cheri,linklist,update,1,12500,3353054.7
4,ace,aarch64,btree,YCSB-C,1,8000000,1143.14
3,ace,cheri,CLHT,read,4,5000000,341.93
4,ace,aarch64,skiplist,YCSB-E,1,5000000,11697.808350596
1,ace,cheri,linklist,YCSB-A,1,10000,2675108.379129
2,ace,aarch64,ART,YCSB-E,1,400000,37215.16311125
4,ace,cheri,ART,YCSB-D,1,5000000,2930.7491138200003
0,ace,aarch64,linklist,YCSB-D,1,25000,4680412.269416
3,ace,aarch64,btree,read,1,8000000,1298.94
1,ace,cheri,btree,YCSB-B,1,8000000,1330.23316802
2,ace,cheri,skiplist,YCSB-C,1,5000000,7768.11
2,ace,cheri,skiplist,insert,1,1000000,23958.93
2,ace,aarch64,skiplist,insert,1,1000000,18131.34
0,ace,cheri,btree,read,1,8000000,1458.07
3,ace,aarch64,linklist,YCSB-A,1,10000,1687794.744458
3,ace,aarch64,skiplist,YCSB-D,1,2000000,4468.247302649999
2,ace,cheri,ART,insert,1,1000000,22476.03
1,ace,aarch64,btree,YCSB-E,1,8000000,1216.6026502125
0,ace,cheri,linklist,YCSB-C,1,25000,3374428.04
3,ace,cheri,CLHT,read,1,5000000,351.12
1,ace,aarch64,btree,read,1,8000000,1298.68
3,ace,aarch64,ART,read,1,6000000,1826.84
1,ace,aarch64,CLHT,insert,1,1000000,13932.87
4,ace,aarch64,CLHT,YCSB-C,4,1000000,214.09
2,ace,aarch64,ART,YCSB-D,1,5000000,1629.703172772
0,ace,aarch64,btree,update,1,10000000,1488.73
2,ace,aarch64,skiplist,YCSB-E,1,5000000,11769.245838952002
0,ace,aarch64,CLHT,read,1,5000000,253.57
1,ace,cheri,linklist,YCSB-E,1,25000,3458740.7768320004
2,ace,aarch64,ART,insert,1,1000000,7421.79
4,ace,cheri,skiplist,read,1,3000000,7802.25
1,ace,cheri,btree,scan,1,8000000,1493.73
2,ace,cheri,skiplist,scan,1,1000000,60926.9
4,ace,aarch64,ART,YCSB-C,1,6000000,1573.23
4,ace,aarch64,linklist,YCSB-B,1,10000,1318807.2216480002
2,ace,cheri,CLHT,YCSB-C,1,5000000,322.06
0,ace,cheri,linklist,YCSB-D,1,25000,6088905.1449187985
2,ace,aarch64,btree,YCSB-F,1,6000000,961.5211925373086
4,ace,aarch64,linklist,insert,1,5000000,5697.21
0,ace,aarch64,btree,insert,1,6000000,1526.52
0,ace,cheri,btree,YCSB-B,1,8000000,1335.8711307999997
4,ace,aarch64,ART,scan,1,60000,274516.24
0,ace,cheri,CLHT,read,1,5000000,351.37
2,ace,cheri,btree,YCSB-C,1,8000000,1301.53
3,ace,aarch64,linklist,read,1,25000,2598825.52
2,ace,aarch64,btree,YCSB-C,1,8000000,1141.6
0,ace,aarch64,skiplist,insert,1,1000000,18085.93
3,ace,cheri,linklist,YCSB-D,1,25000,6110733.39939
3,ace,aarch64,btree,update,1,10000000,1490.9
0,ace,aarch64,linklist,YCSB-F,1,10000,1692857.3077390038
2,ace,cheri,queue,queue_bench,1,100000000,1737.110
1,ace,aarch64,CLHT,YCSB-C,1,10000000,213.77
3,ace,cheri,btree,read,1,8000000,1463.07
4,ace,cheri,linklist,scan,1,10000,1525058.72
1,ace,aarch64,linklist,YCSB-E,1,25000,2590807.1263715997
0,ace,cheri,skiplist,YCSB-C,1,5000000,7766.97
0,ace,aarch64,skiplist,scan,1,1000000,52961.84
4,ace,cheri,linklist,read,1,25000,3375774.03
4,ace,cheri,skiplist,YCSB-C,1,5000000,7767.75
0,ace,aarch64,btree,YCSB-F,1,6000000,964.3331675415474
1,ace,aarch64,linklist,read,1,25000,2586584.49
3,ace,cheri,linklist,insert,1,5000000,14226.61
1,ace,aarch64,btree,YCSB-C,1,8000000,1142.64
0,ace,cheri,skiplist,scan,1,1000000,60927.26
4,ace,aarch64,queue,queue_bench,4,100000000,433.922
2,ace,aarch64,CLHT,YCSB-C,1,10000000,213.77
4,ace,cheri,skiplist,YCSB-E,1,5000000,15715.7138551
2,ace,aarch64,btree,YCSB-D,1,8000000,1080.9098298125
0,ace,aarch64,linklist,YCSB-C,1,25000,2660498.18
0,ace,aarch64,linklist,YCSB-B,1,10000,1291182.3096639998
0,ace,cheri,ART,YCSB-E,1,400000,56581.2296168
2,ace,cheri,linklist,YCSB-D,1,25000,6098297.9674728
0,ace,cheri,skiplist,YCSB-D,1,2000000,6715.04447184
4,ace,aarch64,btree,YCSB-A,1,8000000,1221.5353813450001
0,ace,cheri,queue,queue_bench,4,100000000,1073.570
3,ace,aarch64,linklist,update,1,12500,2238219.9
3,ace,cheri,skiplist,YCSB-D,1,2000000,6717.03228632
3,ace,cheri,linklist,YCSB-C,1,25000,3436880.49
2,ace,aarch64,ART,scan,1,60000,274646.58
2,ace,cheri,ART,YCSB-D,1,5000000,2936.456238016
1,ace,aarch64,skiplist,YCSB-D,1,2000000,4471.344116159999
1,ace,aarch64,linklist,update,1,12500,2287138.64
2,ace,aarch64,linklist,insert,1,5000000,5687.75
4,ace,aarch64,ART,YCSB-D,1,5000000,1629.6618294400002
1,ace,cheri,queue,queue_bench,4,100000000,1073.790
0,ace,aarch64,CLHT,insert,1,1000000,13918.47
2,ace,cheri,btree,update,1,10000000,1975.32
4,ace,aarch64,linklist,scan,1,10000,1094192.14
0,ace,aarch64,btree,YCSB-A,1,8000000,1221.76235473625
1,ace,cheri,skiplist,read,1,3000000,7808.33
2,ace,aarch64,btree,read,1,8000000,1299.29
4,ace,aarch64,btree,YCSB-F,1,6000000,962.4148279095011
1,ace,aarch64,btree,scan,1,8000000,1309.81
2,ace,aarch64,CLHT,YCSB-C,4,1000000,217.88
2,ace,cheri,ART,read,1,6000000,2149.48
3,ace,aarch64,ART,insert,1,1000000,7437.73
2,ace,aarch64,queue,queue_bench,4,100000000,427.790
0,ace,aarch64,linklist,insert,1,5000000,5697.08
3,ace,cheri,queue,queue_bench,4,100000000,1073.090
1,ace,cheri,btree,YCSB-F,1,6000000,1249.107627625532
1,ace,aarch64,ART,YCSB-D,1,5000000,1632.4933359099998
1,ace,cheri,queue,queue_bench,1,100000000,1736.830
0,ace,cheri,ART,scan,1,60000,377861.79
4,ace,aarch64,skiplist,YCSB-C,1,5000000,4983.05
2,ace,cheri,btree,scan,1,8000000,1493.41
2,ace,aarch64,skiplist,read,1,3000000,4996.68
3,ace,aarch64,ART,YCSB-D,1,5000000,1622.58824403
1,ace,cheri,CLHT,insert,1,1000000,25477.89
3,ace,cheri,ART,YCSB-E,1,400000,56648.726995799996
0,ace,aarch64,linklist,update,1,12500,2272252.76
2,ace,cheri,skiplist,YCSB-D,1,2000000,6696.7382348500005
3,ace,aarch64,linklist,YCSB-C,1,25000,2689866.23
0,ace,cheri,ART,insert,1,1000000,22219.97
3,ace,aarch64,CLHT,insert,4,1000000,122108.63
3,ace,aarch64,CLHT,read,1,5000000,254.2
0,ace,aarch64,skiplist,YCSB-D,1,2000000,4487.38187335
1,ace,cheri,btree,insert,1,6000000,1928.99
4,ace,cheri,CLHT,insert,1,1000000,25409.2
4,ace,aarch64,skiplist,YCSB-D,1,2000000,4480.285674934999
3,ace,aarch64,btree,YCSB-A,1,8000000,1222.51860027
2,ace,cheri,linklist,update,1,12500,3352790.9
0,ace,aarch64,CLHT,YCSB-C,1,10000000,213.38
2,ace,cheri,linklist,insert,1,5000000,14237.75
0,ace,cheri,linklist,read,1,25000,3262134.89
2,ace,cheri,linklist,YCSB-F,1,10000,2706645.536192921
1,ace,aarch64,btree,YCSB-F,1,6000000,962.7151997503454
0,ace,aarch64,ART,YCSB-D,1,5000000,1631.59637272
4,ace,cheri,btree,insert,1,6000000,1940.61
0,ace,aarch64,queue,queue_bench,1,100000000,180.995
3,ace,aarch64,skiplist,YCSB-E,1,5000000,11797.114913186
0,ace,cheri,linklist,insert,1,5000000,14237.57
0,ace,aarch64,queue,queue_bench,4,100000000,432.821
3,ace,aarch64,ART,YCSB-C,1,6000000,1570.21
1,ace,aarch64,ART,insert,1,1000000,7458.71
0,ace,cheri,queue,queue_bench,1,100000000,1736.880
4,ace,cheri,linklist,YCSB-E,1,25000,3451312.4286348
4,ace,cheri,linklist,YCSB-A,1,10000,2677619.500455
2,ace,aarch64,linklist,scan,1,10000,1104593.34
3,ace,cheri,ART,insert,1,1000000,22392.85
4,ace,cheri,linklist,YCSB-B,1,10000,2030164.558644
3,ace,cheri,btree,YCSB-A,1,8000000,1557.53086687
3,ace,cheri,btree,YCSB-D,1,8000000,1261.29206515625
4,ace,cheri,linklist,update,1,12500,3353999.87
3,ace,cheri,CLHT,insert,1,1000000,25461.57
3,ace,cheri,skiplist,scan,1,1000000,60969.93
3,ace,cheri,btree,YCSB-C,1,8000000,1309.61
1,ace,cheri,linklist,YCSB-D,1,25000,6133527.485439999
4,ace,cheri,skiplist,YCSB-D,1,2000000,6741.492620399999
0,ace,aarch64,ART,read,1,6000000,1827.86
1,ace,aarch64,linklist,YCSB-D,1,25000,4765300.069636
4,ace,aarch64,linklist,YCSB-A,1,10000,1698729.5382740002
2,ace,aarch64,linklist,YCSB-C,1,25000,2726128.39
3,ace,aarch64,skiplist,read,1,3000000,4998.93
0,ace,cheri,btree,update,1,10000000,1981.37
4,ace,aarch64,btree,update,1,10000000,1488.01
4,ace,aarch64,btree,read,1,8000000,1299.11
0,ace,aarch64,linklist,YCSB-A,1,10000,1656963.984726
0,ace,cheri,CLHT,insert,4,1000000,154872.84
2,ace,aarch64,skiplist,scan,1,1000000,52913.46
0,ace,cheri,linklist,YCSB-E,1,25000,3452489.057168
3,ace,cheri,linklist,YCSB-B,1,10000,1959949.642281
1,ace,cheri,ART,scan,1,60000,376794.97
2,ace,aarch64,linklist,YCSB-A,1,10000,1703355.75522
3,ace,cheri,linklist,read,1,25000,3307852.87
1,ace,aarch64,CLHT,read,1,5000000,253.87
3,ace,aarch64,CLHT,insert,1,1000000,13932.15
0,ace,aarch64,ART,scan,1,60000,275202.5
4,ace,cheri,btree,YCSB-F,1,6000000,1250.717955594826
1,ace,aarch64,skiplist,read,1,3000000,5021.27
