database,variant,benchmark,workload,metric_name,metric_value,unit,repetition
leveldb,release-dynamic,ycsb,a_t1,throughput,51946.1,ops/sec,0
leveldb,release-dynamic,ycsb,a_t1,latency_avg,17.688,us,0
leveldb,release-dynamic,ycsb,b_t1,throughput,173060.0,ops/sec,0
leveldb,release-dynamic,ycsb,b_t1,latency_avg,5.042,us,0
leveldb,release-dynamic,ycsb,c_t1,throughput,86434.0,ops/sec,0
leveldb,release-dynamic,ycsb,c_t1,latency_avg,10.030,us,0
leveldb,release-dynamic,ycsb,d_t1,throughput,219201.0,ops/sec,0
leveldb,release-dynamic,ycsb,d_t1,latency_avg,3.546,us,0
leveldb,release-dynamic,ycsb,e_t1,throughput,8602.61,ops/sec,0
leveldb,release-dynamic,ycsb,e_t1,latency_avg,100.539,us,0
leveldb,release-dynamic,ycsb,f_t1,throughput,47381.8,ops/sec,0
leveldb,release-dynamic,ycsb,f_t1,latency_avg,12.940,us,0
leveldb,release-mte,ycsb,a_t1,throughput,53174.7,ops/sec,0
leveldb,release-mte,ycsb,a_t1,latency_avg,16.959,us,0
leveldb,release-mte,ycsb,b_t1,throughput,173042.0,ops/sec,0
leveldb,release-mte,ycsb,b_t1,latency_avg,5.039,us,0
leveldb,release-mte,ycsb,c_t1,throughput,86686.2,ops/sec,0
leveldb,release-mte,ycsb,c_t1,latency_avg,10.310,us,0
leveldb,release-mte,ycsb,d_t1,throughput,194366.0,ops/sec,0
leveldb,release-mte,ycsb,d_t1,latency_avg,4.131,us,0
leveldb,release-mte,ycsb,e_t1,throughput,8477.77,ops/sec,0
leveldb,release-mte,ycsb,e_t1,latency_avg,102.779,us,0
leveldb,release-mte,ycsb,f_t1,throughput,47949.6,ops/sec,0
leveldb,release-mte,ycsb,f_t1,latency_avg,12.616,us,0
leveldb,release-static,ycsb,a_t1,throughput,54890.0,ops/sec,0
leveldb,release-static,ycsb,a_t1,latency_avg,15.981,us,0
leveldb,release-static,ycsb,b_t1,throughput,128827.0,ops/sec,0
leveldb,release-static,ycsb,b_t1,latency_avg,6.718,us,0
leveldb,release-static,ycsb,c_t1,throughput,130753.0,ops/sec,0
leveldb,release-static,ycsb,c_t1,latency_avg,6.630,us,0
leveldb,release-static,ycsb,d_t1,throughput,157580.0,ops/sec,0
leveldb,release-static,ycsb,d_t1,latency_avg,4.966,us,0
leveldb,release-static,ycsb,e_t1,throughput,2918.54,ops/sec,0
leveldb,release-static,ycsb,e_t1,latency_avg,270.618,us,0
leveldb,release-static,ycsb,f_t1,throughput,49117.8,ops/sec,0
leveldb,release-static,ycsb,f_t1,latency_avg,12.003,us,0
leveldb,release-cheri,ycsb,a_t1,throughput,40044.8,ops/sec,0
leveldb,release-cheri,ycsb,a_t1,latency_avg,21.506,us,0
leveldb,release-cheri,ycsb,b_t1,throughput,84078.6,ops/sec,0
leveldb,release-cheri,ycsb,b_t1,latency_avg,10.118,us,0
leveldb,release-cheri,ycsb,c_t1,throughput,92529.3,ops/sec,0
leveldb,release-cheri,ycsb,c_t1,latency_avg,9.400,us,0
leveldb,release-cheri,ycsb,d_t1,throughput,103199.0,ops/sec,0
leveldb,release-cheri,ycsb,d_t1,latency_avg,7.043,us,0
leveldb,release-cheri,ycsb,e_t1,throughput,1995.29,ops/sec,0
leveldb,release-cheri,ycsb,e_t1,latency_avg,401.702,us,0
leveldb,release-cheri,ycsb,f_t1,throughput,32857.6,ops/sec,0
leveldb,release-cheri,ycsb,f_t1,latency_avg,17.177,us,0
leveldb,release-dynamic,ycsb,a_t1,throughput,52027.6,ops/sec,1
leveldb,release-dynamic,ycsb,a_t1,latency_avg,17.296,us,1
leveldb,release-dynamic,ycsb,b_t1,throughput,169931.0,ops/sec,1
leveldb,release-dynamic,ycsb,b_t1,latency_avg,5.136,us,1
leveldb,release-dynamic,ycsb,c_t1,throughput,87032.2,ops/sec,1
leveldb,release-dynamic,ycsb,c_t1,latency_avg,10.320,us,1
leveldb,release-dynamic,ycsb,d_t1,throughput,221741.0,ops/sec,1
leveldb,release-dynamic,ycsb,d_t1,latency_avg,3.501,us,1
leveldb,release-dynamic,ycsb,e_t1,throughput,8568.61,ops/sec,1
leveldb,release-dynamic,ycsb,e_t1,latency_avg,100.846,us,1
leveldb,release-dynamic,ycsb,f_t1,throughput,46619.1,ops/sec,1
leveldb,release-dynamic,ycsb,f_t1,latency_avg,13.137,us,1
leveldb,release-mte,ycsb,a_t1,throughput,53662.8,ops/sec,1
leveldb,release-mte,ycsb,a_t1,latency_avg,17.094,us,1
leveldb,release-mte,ycsb,b_t1,throughput,173488.0,ops/sec,1
leveldb,release-mte,ycsb,b_t1,latency_avg,5.024,us,1
leveldb,release-mte,ycsb,c_t1,throughput,84303.7,ops/sec,1
leveldb,release-mte,ycsb,c_t1,latency_avg,10.630,us,1
leveldb,release-mte,ycsb,d_t1,throughput,209601.0,ops/sec,1
leveldb,release-mte,ycsb,d_t1,latency_avg,3.712,us,1
leveldb,release-mte,ycsb,e_t1,throughput,8444.21,ops/sec,1
leveldb,release-mte,ycsb,e_t1,latency_avg,102.528,us,1
leveldb,release-mte,ycsb,f_t1,throughput,47954.4,ops/sec,1
leveldb,release-mte,ycsb,f_t1,latency_avg,12.628,us,1
leveldb,release-static,ycsb,a_t1,throughput,56873.0,ops/sec,1
leveldb,release-static,ycsb,a_t1,latency_avg,15.393,us,1
leveldb,release-static,ycsb,b_t1,throughput,127438.0,ops/sec,1
leveldb,release-static,ycsb,b_t1,latency_avg,6.814,us,1
leveldb,release-static,ycsb,c_t1,throughput,130001.0,ops/sec,1
leveldb,release-static,ycsb,c_t1,latency_avg,6.660,us,1
leveldb,release-static,ycsb,d_t1,throughput,156721.0,ops/sec,1
leveldb,release-static,ycsb,d_t1,latency_avg,4.998,us,1
leveldb,release-static,ycsb,e_t1,throughput,3308.27,ops/sec,1
leveldb,release-static,ycsb,e_t1,latency_avg,238.373,us,1
leveldb,release-static,ycsb,f_t1,throughput,44929.2,ops/sec,1
leveldb,release-static,ycsb,f_t1,latency_avg,13.049,us,1
leveldb,release-cheri,ycsb,a_t1,throughput,39970.5,ops/sec,1
leveldb,release-cheri,ycsb,a_t1,latency_avg,21.517,us,1
leveldb,release-cheri,ycsb,b_t1,throughput,86132.5,ops/sec,1
leveldb,release-cheri,ycsb,b_t1,latency_avg,9.897,us,1
leveldb,release-cheri,ycsb,c_t1,throughput,86450.6,ops/sec,1
leveldb,release-cheri,ycsb,c_t1,latency_avg,10.040,us,1
leveldb,release-cheri,ycsb,d_t1,throughput,103511.0,ops/sec,1
leveldb,release-cheri,ycsb,d_t1,latency_avg,7.000,us,1
leveldb,release-cheri,ycsb,e_t1,throughput,1977.04,ops/sec,1
leveldb,release-cheri,ycsb,e_t1,latency_avg,409.169,us,1
leveldb,release-cheri,ycsb,f_t1,throughput,29738.3,ops/sec,1
leveldb,release-cheri,ycsb,f_t1,latency_avg,19.410,us,1
leveldb,release-dynamic,ycsb,a_t1,throughput,55221.1,ops/sec,2
leveldb,release-dynamic,ycsb,a_t1,latency_avg,16.558,us,2
leveldb,release-dynamic,ycsb,b_t1,throughput,156508.0,ops/sec,2
leveldb,release-dynamic,ycsb,b_t1,latency_avg,5.652,us,2
leveldb,release-dynamic,ycsb,c_t1,throughput,83260.1,ops/sec,2
leveldb,release-dynamic,ycsb,c_t1,latency_avg,10.760,us,2
leveldb,release-dynamic,ycsb,d_t1,throughput,219789.0,ops/sec,2
leveldb,release-dynamic,ycsb,d_t1,latency_avg,3.543,us,2
leveldb,release-dynamic,ycsb,e_t1,throughput,8577.76,ops/sec,2
leveldb,release-dynamic,ycsb,e_t1,latency_avg,100.959,us,2
leveldb,release-dynamic,ycsb,f_t1,throughput,48185.4,ops/sec,2
leveldb,release-dynamic,ycsb,f_t1,latency_avg,12.374,us,2
leveldb,release-mte,ycsb,a_t1,throughput,55859.7,ops/sec,2
leveldb,release-mte,ycsb,a_t1,latency_avg,16.293,us,2
leveldb,release-mte,ycsb,b_t1,throughput,168514.0,ops/sec,2
leveldb,release-mte,ycsb,b_t1,latency_avg,5.194,us,2
leveldb,release-mte,ycsb,c_t1,throughput,85605.7,ops/sec,2
leveldb,release-mte,ycsb,c_t1,latency_avg,10.320,us,2
leveldb,release-mte,ycsb,d_t1,throughput,223404.0,ops/sec,2
leveldb,release-mte,ycsb,d_t1,latency_avg,3.444,us,2
leveldb,release-mte,ycsb,e_t1,throughput,8472.47,ops/sec,2
leveldb,release-mte,ycsb,e_t1,latency_avg,102.476,us,2
leveldb,release-mte,ycsb,f_t1,throughput,46771.1,ops/sec,2
leveldb,release-mte,ycsb,f_t1,latency_avg,12.872,us,2
leveldb,release-static,ycsb,a_t1,throughput,55333.4,ops/sec,2
leveldb,release-static,ycsb,a_t1,latency_avg,15.592,us,2
leveldb,release-static,ycsb,b_t1,throughput,129696.0,ops/sec,2
leveldb,release-static,ycsb,b_t1,latency_avg,6.685,us,2
leveldb,release-static,ycsb,c_t1,throughput,128106.0,ops/sec,2
leveldb,release-static,ycsb,c_t1,latency_avg,6.770,us,2
leveldb,release-static,ycsb,d_t1,throughput,157334.0,ops/sec,2
leveldb,release-static,ycsb,d_t1,latency_avg,4.984,us,2
leveldb,release-static,ycsb,e_t1,throughput,3317.15,ops/sec,2
leveldb,release-static,ycsb,e_t1,latency_avg,237.667,us,2
leveldb,release-static,ycsb,f_t1,throughput,49201.9,ops/sec,2
leveldb,release-static,ycsb,f_t1,latency_avg,11.737,us,2
leveldb,release-cheri,ycsb,a_t1,throughput,39754.8,ops/sec,2
leveldb,release-cheri,ycsb,a_t1,latency_avg,21.454,us,2
leveldb,release-cheri,ycsb,b_t1,throughput,88030.4,ops/sec,2
leveldb,release-cheri,ycsb,b_t1,latency_avg,9.745,us,2
leveldb,release-cheri,ycsb,c_t1,throughput,86335.2,ops/sec,2
leveldb,release-cheri,ycsb,c_t1,latency_avg,10.040,us,2
leveldb,release-cheri,ycsb,d_t1,throughput,102661.0,ops/sec,2
leveldb,release-cheri,ycsb,d_t1,latency_avg,7.094,us,2
leveldb,release-cheri,ycsb,e_t1,throughput,2021.8,ops/sec,2
leveldb,release-cheri,ycsb,e_t1,latency_avg,390.729,us,2
leveldb,release-cheri,ycsb,f_t1,throughput,34211.0,ops/sec,2
leveldb,release-cheri,ycsb,f_t1,latency_avg,16.833,us,2
ladybug,release-dynamic,ldbc,q21,query_time,472.85566666666665,ms,0
ladybug,release-dynamic,ldbc,q20,query_time,473.93333333333334,ms,0
ladybug,release-dynamic,ldbc,q22,query_time,21.746,ms,0
ladybug,release-dynamic,ldbc,q19,query_time,222.33533333333332,ms,0
ladybug,release-dynamic,ldbc,q01,query_time,32.28766666666667,ms,0
ladybug,release-dynamic,ldbc,q02,query_time,24.466333333333335,ms,0
ladybug,release-dynamic,ldbc,SelectiveTwoHopJoin,query_time,40.48466666666667,ms,0
ladybug,release-dynamic,ldbc,q31,query_time,7.158333333333334,ms,0
ladybug,release-dynamic,ldbc,q30,query_time,231.808,ms,0
ladybug,release-dynamic,ldbc,q29,query_time,115.18666666666667,ms,0
ladybug,release-dynamic,ldbc,q36,query_time,63.873333333333335,ms,0
ladybug,release-dynamic,ldbc,q35,query_time,2.904666666666667,ms,0
ladybug,release-dynamic,ldbc,q13,query_time,264.736,ms,0
ladybug,release-dynamic,ldbc,q12,query_time,35.13733333333334,ms,0
ladybug,release-dynamic,ldbc,q11,query_time,40.153,ms,0
ladybug,release-dynamic,ldbc,q10,query_time,38.12800000000001,ms,0
ladybug,release-dynamic,ldbc,q09,query_time,155.92866666666666,ms,0
ladybug,release-dynamic,ldbc,q08,query_time,157.59,ms,0
ladybug,release-dynamic,ldbc,q07,query_time,115.08800000000001,ms,0
ladybug,release-dynamic,ldbc,q38,query_time,235.54733333333334,ms,0
ladybug,release-dynamic,ldbc,q39,query_time,3.3160000000000003,ms,0
ladybug,release-dynamic,ldbc,q37,query_time,59.349333333333334,ms,0
ladybug,release-dynamic,ldbc,q40,query_time,156.114,ms,0
ladybug,release-dynamic,ldbc,recursive-join-path,query_time,24380.956000000002,ms,0
ladybug,release-dynamic,ldbc,recursive-join-bidirection,query_time,103.08266666666667,ms,0
ladybug,release-dynamic,ldbc,recursive-join-trail,query_time,5503.652999999999,ms,0
ladybug,release-dynamic,ldbc,recursive-join-sparse,query_time,2.7609999999999997,ms,0
ladybug,release-dynamic,ldbc,recursive-join-dense,query_time,5444.812,ms,0
ladybug,release-dynamic,ldbc,q24,query_time,139.97299999999998,ms,0
ladybug,release-dynamic,ldbc,q28,query_time,3647.297666666667,ms,0
ladybug,release-dynamic,ldbc,q33,query_time,15.717999999999998,ms,0
ladybug,release-dynamic,ldbc,q32,query_time,2.2003333333333335,ms,0
ladybug,release-dynamic,ldbc,q34,query_time,1.1073333333333333,ms,0
ladybug,release-dynamic,ldbc,zonemap-node-null,query_time,15.475333333333333,ms,0
ladybug,release-dynamic,ldbc,zonemap-node-lhs-cast,query_time,12.126333333333333,ms,0
ladybug,release-dynamic,ldbc,zonemap-node,query_time,9.965000000000002,ms,0
ladybug,release-dynamic,ldbc,zonemap-rel,query_time,1080.9076666666667,ms,0
ladybug,release-dynamic,ldbc,q18,query_time,323.61133333333333,ms,0
ladybug,release-dynamic,ldbc,q17,query_time,87.238,ms,0
ladybug,release-dynamic,ldbc,q16,query_time,53.611,ms,0
ladybug,release-dynamic,ldbc,q15,query_time,13.138666666666666,ms,0
ladybug,release-dynamic,ldbc,q14,query_time,12.940666666666667,ms,0
ladybug,release-dynamic,ldbc,push-down-limit-into-distinct,query_time,2.0043333333333333,ms,0
ladybug,release-dynamic,ldbc,multi-rel-lookup,query_time,4.205333333333334,ms,0
ladybug,release-dynamic,ldbc,multi-rel-large-scan,query_time,527.7379999999999,ms,0
ladybug,release-dynamic,ldbc,multi-rel-small-scan,query_time,57.576666666666675,ms,0
ladybug,release-dynamic,ldbc,q25,query_time,24.377333333333336,ms,0
ladybug,release-dynamic,ldbc,q26,query_time,84.94266666666667,ms,0
ladybug,release-dynamic,ldbc,q27,query_time,226.87366666666665,ms,0
ladybug,release-dynamic,ldbc,q03,query_time,351.483,ms,0
ladybug,release-dynamic,ldbc,q06,query_time,236.51166666666666,ms,0
ladybug,release-dynamic,ldbc,q05,query_time,454.67800000000005,ms,0
ladybug,release-dynamic,ldbc,q04,query_time,366.53433333333334,ms,0
ladybug,release-dynamic,ldbc,q23,query_time,21.941333333333333,ms,0
ladybug,release-mte,ldbc,q21,query_time,493.876,ms,0
ladybug,release-mte,ldbc,q20,query_time,515.7246666666666,ms,0
ladybug,release-mte,ldbc,q22,query_time,25.111,ms,0
ladybug,release-mte,ldbc,q19,query_time,251.24333333333334,ms,0
ladybug,release-mte,ldbc,q01,query_time,31.23,ms,0
ladybug,release-mte,ldbc,q02,query_time,24.61,ms,0
ladybug,release-mte,ldbc,SelectiveTwoHopJoin,query_time,43.14066666666667,ms,0
ladybug,release-mte,ldbc,q31,query_time,7.640000000000001,ms,0
ladybug,release-mte,ldbc,q30,query_time,239.12133333333335,ms,0
ladybug,release-mte,ldbc,q29,query_time,122.30566666666668,ms,0
ladybug,release-mte,ldbc,q36,query_time,69.535,ms,0
ladybug,release-mte,ldbc,q35,query_time,3.734666666666667,ms,0
ladybug,release-mte,ldbc,q13,query_time,281.62833333333333,ms,0
ladybug,release-mte,ldbc,q12,query_time,35.333999999999996,ms,0
ladybug,release-mte,ldbc,q11,query_time,41.076,ms,0
ladybug,release-mte,ldbc,q10,query_time,38.38733333333334,ms,0
ladybug,release-mte,ldbc,q09,query_time,160.95266666666666,ms,0
ladybug,release-mte,ldbc,q08,query_time,162.111,ms,0
ladybug,release-mte,ldbc,q07,query_time,119.26433333333334,ms,0
ladybug,release-mte,ldbc,q38,query_time,265.10066666666665,ms,0
ladybug,release-mte,ldbc,q39,query_time,3.4659999999999997,ms,0
ladybug,release-mte,ldbc,q37,query_time,69.119,ms,0
ladybug,release-mte,ldbc,q40,query_time,248.34866666666667,ms,0
ladybug,release-mte,ldbc,recursive-join-path,query_time,27390.782666666666,ms,0
ladybug,release-mte,ldbc,recursive-join-bidirection,query_time,114.57133333333333,ms,0
ladybug,release-mte,ldbc,recursive-join-trail,query_time,5818.304666666667,ms,0
ladybug,release-mte,ldbc,recursive-join-sparse,query_time,2.5473333333333334,ms,0
ladybug,release-mte,ldbc,recursive-join-dense,query_time,5799.951333333333,ms,0
ladybug,release-mte,ldbc,q33,query_time,15.289,ms,0
ladybug,release-mte,ldbc,q32,query_time,2.2146666666666666,ms,0
ladybug,release-mte,ldbc,q34,query_time,1.1983333333333333,ms,0
ladybug,release-mte,ldbc,zonemap-node-null,query_time,16.436666666666667,ms,0
ladybug,release-mte,ldbc,zonemap-node-lhs-cast,query_time,13.013,ms,0
ladybug,release-mte,ldbc,zonemap-node,query_time,10.540999999999999,ms,0
ladybug,release-mte,ldbc,zonemap-rel,query_time,1232.299,ms,0
ladybug,release-mte,ldbc,q18,query_time,382.34700000000004,ms,0
ladybug,release-mte,ldbc,q17,query_time,87.66733333333333,ms,0
ladybug,release-mte,ldbc,q16,query_time,54.44166666666666,ms,0
ladybug,release-mte,ldbc,q15,query_time,13.652000000000001,ms,0
ladybug,release-mte,ldbc,q14,query_time,13.024000000000001,ms,0
ladybug,release-mte,ldbc,push-down-limit-into-distinct,query_time,2.52,ms,0
ladybug,release-mte,ldbc,multi-rel-lookup,query_time,4.572,ms,0
ladybug,release-mte,ldbc,multi-rel-large-scan,query_time,563.3190000000001,ms,0
ladybug,release-mte,ldbc,multi-rel-small-scan,query_time,67.51866666666666,ms,0
ladybug,release-mte,ldbc,q25,query_time,25.492333333333335,ms,0
ladybug,release-mte,ldbc,q26,query_time,94.34499999999998,ms,0
ladybug,release-mte,ldbc,q27,query_time,253.12,ms,0
ladybug,release-mte,ldbc,q03,query_time,375.41933333333327,ms,0
ladybug,release-mte,ldbc,q06,query_time,264.97700000000003,ms,0
ladybug,release-mte,ldbc,q05,query_time,479.31899999999996,ms,0
ladybug,release-mte,ldbc,q04,query_time,424.25766666666664,ms,0
ladybug,release-mte,ldbc,q23,query_time,23.013333333333332,ms,0
ladybug,release-static,ldbc,q21,query_time,515.1403333333334,ms,0
ladybug,release-static,ldbc,q20,query_time,561.9786666666668,ms,0
ladybug,release-static,ldbc,q22,query_time,31.864666666666665,ms,0
ladybug,release-static,ldbc,q19,query_time,316.0493333333333,ms,0
ladybug,release-static,ldbc,q01,query_time,30.274333333333335,ms,0
ladybug,release-static,ldbc,q02,query_time,24.907666666666668,ms,0
ladybug,release-static,ldbc,SelectiveTwoHopJoin,query_time,15.754333333333333,ms,0
ladybug,release-static,ldbc,q31,query_time,2.137,ms,0
ladybug,release-static,ldbc,q30,query_time,474.8736666666667,ms,0
ladybug,release-static,ldbc,q29,query_time,172.14433333333332,ms,0
ladybug,release-static,ldbc,q36,query_time,30.45533333333333,ms,0
ladybug,release-static,ldbc,q35,query_time,1.942,ms,0
ladybug,release-static,ldbc,q13,query_time,310.1623333333334,ms,0
ladybug,release-static,ldbc,q12,query_time,45.842666666666666,ms,0
ladybug,release-static,ldbc,q11,query_time,51.518,ms,0
ladybug,release-static,ldbc,q10,query_time,50.89233333333333,ms,0
ladybug,release-static,ldbc,q09,query_time,217.134,ms,0
ladybug,release-static,ldbc,q08,query_time,219.35466666666665,ms,0
ladybug,release-static,ldbc,q07,query_time,156.63333333333333,ms,0
ladybug,release-static,ldbc,q38,query_time,114.63799999999999,ms,0
ladybug,release-static,ldbc,q39,query_time,0.9739999999999999,ms,0
ladybug,release-static,ldbc,q37,query_time,42.98433333333333,ms,0
ladybug,release-static,ldbc,q40,query_time,101.16266666666667,ms,0
ladybug,release-static,ldbc,recursive-join-path,query_time,26502.369666666666,ms,0
ladybug,release-static,ldbc,recursive-join-bidirection,query_time,92.64,ms,0
ladybug,release-static,ldbc,recursive-join-trail,query_time,4194.579666666667,ms,0
ladybug,release-static,ldbc,recursive-join-sparse,query_time,1.5726666666666667,ms,0
ladybug,release-static,ldbc,recursive-join-dense,query_time,4077.356333333333,ms,0
ladybug,release-static,ldbc,q24,query_time,187.58866666666665,ms,0
ladybug,release-static,ldbc,q28,query_time,3962.421333333333,ms,0
ladybug,release-static,ldbc,q33,query_time,4.790666666666667,ms,0
ladybug,release-static,ldbc,q32,query_time,0.9536666666666666,ms,0
ladybug,release-static,ldbc,q34,query_time,0.3096666666666667,ms,0
ladybug,release-static,ldbc,zonemap-node-null,query_time,8.555666666666667,ms,0
ladybug,release-static,ldbc,zonemap-node-lhs-cast,query_time,8.729333333333335,ms,0
ladybug,release-static,ldbc,zonemap-node,query_time,9.482333333333331,ms,0
ladybug,release-static,ldbc,zonemap-rel,query_time,1325.7653333333333,ms,0
ladybug,release-static,ldbc,q18,query_time,454.5013333333334,ms,0
ladybug,release-static,ldbc,q17,query_time,65.84500000000001,ms,0
ladybug,release-static,ldbc,q16,query_time,73.133,ms,0
ladybug,release-static,ldbc,q15,query_time,17.66933333333333,ms,0
ladybug,release-static,ldbc,q14,query_time,17.581,ms,0
ladybug,release-static,ldbc,push-down-limit-into-distinct,query_time,1.2286666666666666,ms,0
ladybug,release-static,ldbc,multi-rel-lookup,query_time,2.398,ms,0
ladybug,release-static,ldbc,multi-rel-large-scan,query_time,662.1633333333334,ms,0
ladybug,release-static,ldbc,multi-rel-small-scan,query_time,71.488,ms,0
ladybug,release-static,ldbc,q25,query_time,19.286666666666665,ms,0
ladybug,release-static,ldbc,q26,query_time,99.406,ms,0
ladybug,release-static,ldbc,q27,query_time,319.6836666666666,ms,0
ladybug,release-static,ldbc,q03,query_time,509.52399999999994,ms,0
ladybug,release-static,ldbc,q06,query_time,323.58799999999997,ms,0
ladybug,release-static,ldbc,q05,query_time,747.7496666666666,ms,0
ladybug,release-static,ldbc,q04,query_time,514.1606666666667,ms,0
ladybug,release-static,ldbc,q23,query_time,16.156000000000002,ms,0
ladybug,release-cheri,ldbc,q21,query_time,514.3206666666666,ms,0
ladybug,release-cheri,ldbc,q20,query_time,566.1796666666667,ms,0
ladybug,release-cheri,ldbc,q22,query_time,38.31666666666667,ms,0
ladybug,release-cheri,ldbc,q19,query_time,316.0216666666667,ms,0
ladybug,release-cheri,ldbc,q01,query_time,28.944333333333333,ms,0
ladybug,release-cheri,ldbc,q02,query_time,25.03,ms,0
ladybug,release-cheri,ldbc,SelectiveTwoHopJoin,query_time,16.775000000000002,ms,0
ladybug,release-cheri,ldbc,q31,query_time,2.558333333333333,ms,0
ladybug,release-cheri,ldbc,q30,query_time,473.045,ms,0
ladybug,release-cheri,ldbc,q29,query_time,173.27200000000002,ms,0
ladybug,release-cheri,ldbc,q36,query_time,29.655666666666665,ms,0
ladybug,release-cheri,ldbc,q35,query_time,1.952,ms,0
ladybug,release-cheri,ldbc,q13,query_time,306.9986666666666,ms,0
ladybug,release-cheri,ldbc,q12,query_time,46.148666666666664,ms,0
ladybug,release-cheri,ldbc,q11,query_time,51.629,ms,0
ladybug,release-cheri,ldbc,q10,query_time,52.334666666666664,ms,0
ladybug,release-cheri,ldbc,q09,query_time,217.62433333333334,ms,0
ladybug,release-cheri,ldbc,q08,query_time,217.99633333333335,ms,0
ladybug,release-cheri,ldbc,q07,query_time,156.70466666666667,ms,0
ladybug,release-cheri,ldbc,q38,query_time,113.29033333333332,ms,0
ladybug,release-cheri,ldbc,q39,query_time,0.9979999999999999,ms,0
ladybug,release-cheri,ldbc,q37,query_time,44.279666666666664,ms,0
ladybug,release-cheri,ldbc,q40,query_time,101.12866666666666,ms,0
ladybug,release-cheri,ldbc,recursive-join-path,query_time,27053.464666666667,ms,0
ladybug,release-cheri,ldbc,recursive-join-bidirection,query_time,92.51133333333333,ms,0
ladybug,release-cheri,ldbc,recursive-join-trail,query_time,5051.491333333333,ms,0
ladybug,release-cheri,ldbc,recursive-join-sparse,query_time,1.5553333333333335,ms,0
ladybug,release-cheri,ldbc,recursive-join-dense,query_time,4949.553333333333,ms,0
ladybug,release-cheri,ldbc,q24,query_time,187.65566666666666,ms,0
ladybug,release-cheri,ldbc,q28,query_time,3965.599,ms,0
ladybug,release-cheri,ldbc,q33,query_time,5.8146666666666675,ms,0
ladybug,release-cheri,ldbc,q32,query_time,0.8846666666666666,ms,0
ladybug,release-cheri,ldbc,q34,query_time,0.387,ms,0
ladybug,release-cheri,ldbc,zonemap-node-null,query_time,8.566666666666666,ms,0
ladybug,release-cheri,ldbc,zonemap-node-lhs-cast,query_time,8.622333333333334,ms,0
ladybug,release-cheri,ldbc,zonemap-node,query_time,10.069333333333333,ms,0
ladybug,release-cheri,ldbc,zonemap-rel,query_time,1327.026,ms,0
ladybug,release-cheri,ldbc,q18,query_time,454.491,ms,0
ladybug,release-cheri,ldbc,q17,query_time,65.122,ms,0
ladybug,release-cheri,ldbc,q16,query_time,73.226,ms,0
ladybug,release-cheri,ldbc,q15,query_time,17.68,ms,0
ladybug,release-cheri,ldbc,q14,query_time,17.59033333333333,ms,0
ladybug,release-cheri,ldbc,push-down-limit-into-distinct,query_time,1.2183333333333335,ms,0
ladybug,release-cheri,ldbc,multi-rel-lookup,query_time,2.415666666666667,ms,0
ladybug,release-cheri,ldbc,multi-rel-large-scan,query_time,661.139,ms,0
ladybug,release-cheri,ldbc,multi-rel-small-scan,query_time,72.045,ms,0
ladybug,release-cheri,ldbc,q25,query_time,19.851666666666667,ms,0
ladybug,release-cheri,ldbc,q26,query_time,100.80566666666668,ms,0
ladybug,release-cheri,ldbc,q27,query_time,319.51666666666665,ms,0
ladybug,release-cheri,ldbc,q03,query_time,509.8376666666666,ms,0
ladybug,release-cheri,ldbc,q06,query_time,324.32733333333334,ms,0
ladybug,release-cheri,ldbc,q05,query_time,747.8156666666667,ms,0
ladybug,release-cheri,ldbc,q04,query_time,515.5513333333333,ms,0
ladybug,release-cheri,ldbc,q23,query_time,16.081333333333333,ms,0
sqlite,release-dynamic,tpcc,tpcc,tps,677.2166666666667,txn/sec,0
sqlite,release-mte,tpcc,tpcc,tps,631.1666666666666,txn/sec,0
sqlite,release-static,tpcc,tpcc,tps,648.0666666666667,txn/sec,0
sqlite,release-cheri,tpcc,tpcc,tps,653.0166666666667,txn/sec,0
sqlite,release-dynamic,tpcc,tpcc,tps,697.95,txn/sec,1
sqlite,release-mte,tpcc,tpcc,tps,653.8,txn/sec,1
sqlite,release-static,tpcc,tpcc,tps,651.5333333333333,txn/sec,1
sqlite,release-cheri,tpcc,tpcc,tps,652.15,txn/sec,1
sqlite,release-dynamic,tpcc,tpcc,tps,706.7,txn/sec,2
sqlite,release-mte,tpcc,tpcc,tps,635.4166666666666,txn/sec,2
sqlite,release-static,tpcc,tpcc,tps,652.1333333333333,txn/sec,2
sqlite,release-cheri,tpcc,tpcc,tps,652.1333333333333,txn/sec,2
duckdb,release,tpch,q1,query_time,1.365,seconds,0
duckdb,release,tpch,q2,query_time,0.461,seconds,0
duckdb,release,tpch,q3,query_time,1.704,seconds,0
duckdb,release,tpch,q4,query_time,1.582,seconds,0
duckdb,release,tpch,q5,query_time,1.984,seconds,0
duckdb,release,tpch,q6,query_time,1.206,seconds,0
duckdb,release,tpch,q7,query_time,2.035,seconds,0
duckdb,release,tpch,q8,query_time,2.045,seconds,0
duckdb,release,tpch,q9,query_time,4.026,seconds,0
duckdb,release,tpch,q10,query_time,2.217,seconds,0
duckdb,release,tpch,q11,query_time,0.293,seconds,0
duckdb,release,tpch,q12,query_time,1.604,seconds,0
duckdb,release,tpch,q13,query_time,1.418,seconds,0
duckdb,release,tpch,q14,query_time,1.631,seconds,0
duckdb,release,tpch,q15,query_time,1.605,seconds,0
duckdb,release,tpch,q16,query_time,0.484,seconds,0
duckdb,release,tpch,q17,query_time,1.73,seconds,0
duckdb,release,tpch,q18,query_time,1.778,seconds,0
duckdb,release,tpch,q19,query_time,2.343,seconds,0
duckdb,release,tpch,q20,query_time,1.825,seconds,0
duckdb,release,tpch,q21,query_time,2.472,seconds,0
duckdb,release,tpch,q22,query_time,0.395,seconds,0
duckdb,release-mte,tpch,q1,query_time,1.454,seconds,0
duckdb,release-mte,tpch,q2,query_time,0.489,seconds,0
duckdb,release-mte,tpch,q3,query_time,1.843,seconds,0
duckdb,release-mte,tpch,q4,query_time,1.58,seconds,0
duckdb,release-mte,tpch,q5,query_time,2.068,seconds,0
duckdb,release-mte,tpch,q6,query_time,1.295,seconds,0
duckdb,release-mte,tpch,q7,query_time,2.498,seconds,0
duckdb,release-mte,tpch,q8,query_time,2.321,seconds,0
duckdb,release-mte,tpch,q9,query_time,4.5,seconds,0
duckdb,release-mte,tpch,q10,query_time,2.483,seconds,0
duckdb,release-mte,tpch,q11,query_time,0.355,seconds,0
duckdb,release-mte,tpch,q12,query_time,1.777,seconds,0
duckdb,release-mte,tpch,q13,query_time,1.793,seconds,0
duckdb,release-mte,tpch,q14,query_time,1.88,seconds,0
duckdb,release-mte,tpch,q15,query_time,2.194,seconds,0
duckdb,release-mte,tpch,q16,query_time,0.574,seconds,0
duckdb,release-mte,tpch,q17,query_time,2.16,seconds,0
duckdb,release-mte,tpch,q18,query_time,2.398,seconds,0
duckdb,release-mte,tpch,q19,query_time,3.377,seconds,0
duckdb,release-mte,tpch,q20,query_time,2.514,seconds,0
duckdb,release-mte,tpch,q21,query_time,4.049,seconds,0
duckdb,release-mte,tpch,q22,query_time,0.506,seconds,0
duckdb,release-cold,tpch,q1,query_time,2.073,seconds,0
duckdb,release-cold,tpch,q2,query_time,0.57,seconds,0
duckdb,release-cold,tpch,q3,query_time,2.119,seconds,0
duckdb,release-cold,tpch,q4,query_time,2.125,seconds,0
duckdb,release-cold,tpch,q5,query_time,2.266,seconds,0
duckdb,release-cold,tpch,q6,query_time,1.449,seconds,0
duckdb,release-cold,tpch,q7,query_time,2.405,seconds,0
duckdb,release-cold,tpch,q8,query_time,2.442,seconds,0
duckdb,release-cold,tpch,q9,query_time,4.245,seconds,0
duckdb,release-cold,tpch,q10,query_time,2.526,seconds,0
duckdb,release-cold,tpch,q11,query_time,0.335,seconds,0
duckdb,release-cold,tpch,q12,query_time,1.583,seconds,0
duckdb,release-cold,tpch,q13,query_time,1.666,seconds,0
duckdb,release-cold,tpch,q14,query_time,1.69,seconds,0
duckdb,release-cold,tpch,q15,query_time,1.689,seconds,0
duckdb,release-cold,tpch,q16,query_time,0.493,seconds,0
duckdb,release-cold,tpch,q17,query_time,1.578,seconds,0
duckdb,release-cold,tpch,q18,query_time,1.955,seconds,0
duckdb,release-cold,tpch,q19,query_time,3.216,seconds,0
duckdb,release-cold,tpch,q20,query_time,2.09,seconds,0
duckdb,release-cold,tpch,q21,query_time,2.661,seconds,0
duckdb,release-cold,tpch,q22,query_time,0.433,seconds,0
duckdb,release-mte-cold,tpch,q1,query_time,1.546,seconds,0
duckdb,release-mte-cold,tpch,q2,query_time,0.533,seconds,0
duckdb,release-mte-cold,tpch,q3,query_time,2.041,seconds,0
duckdb,release-mte-cold,tpch,q4,query_time,1.79,seconds,0
duckdb,release-mte-cold,tpch,q5,query_time,2.116,seconds,0
duckdb,release-mte-cold,tpch,q6,query_time,1.453,seconds,0
duckdb,release-mte-cold,tpch,q7,query_time,2.408,seconds,0
duckdb,release-mte-cold,tpch,q8,query_time,2.556,seconds,0
duckdb,release-mte-cold,tpch,q9,query_time,4.227,seconds,0
duckdb,release-mte-cold,tpch,q10,query_time,2.504,seconds,0
duckdb,release-mte-cold,tpch,q11,query_time,0.347,seconds,0
duckdb,release-mte-cold,tpch,q12,query_time,2.161,seconds,0
duckdb,release-mte-cold,tpch,q13,query_time,1.712,seconds,0
duckdb,release-mte-cold,tpch,q14,query_time,2.072,seconds,0
duckdb,release-mte-cold,tpch,q15,query_time,1.923,seconds,0
duckdb,release-mte-cold,tpch,q16,query_time,0.553,seconds,0
duckdb,release-mte-cold,tpch,q17,query_time,2.321,seconds,0
duckdb,release-mte-cold,tpch,q18,query_time,2.147,seconds,0
duckdb,release-mte-cold,tpch,q19,query_time,4.391,seconds,0
duckdb,release-mte-cold,tpch,q20,query_time,2.644,seconds,0
duckdb,release-mte-cold,tpch,q21,query_time,3.924,seconds,0
duckdb,release-mte-cold,tpch,q22,query_time,0.493,seconds,0
duckdb,release,tpch,q1,query_time,1.357,seconds,1
duckdb,release,tpch,q2,query_time,0.428,seconds,1
duckdb,release,tpch,q3,query_time,1.827,seconds,1
duckdb,release,tpch,q4,query_time,1.685,seconds,1
duckdb,release,tpch,q5,query_time,1.946,seconds,1
duckdb,release,tpch,q6,query_time,1.24,seconds,1
duckdb,release,tpch,q7,query_time,2.042,seconds,1
duckdb,release,tpch,q8,query_time,2.06,seconds,1
duckdb,release,tpch,q9,query_time,3.891,seconds,1
duckdb,release,tpch,q10,query_time,2.138,seconds,1
duckdb,release,tpch,q11,query_time,0.283,seconds,1
duckdb,release,tpch,q12,query_time,1.566,seconds,1
duckdb,release,tpch,q13,query_time,1.477,seconds,1
duckdb,release,tpch,q14,query_time,1.566,seconds,1
duckdb,release,tpch,q15,query_time,1.572,seconds,1
duckdb,release,tpch,q16,query_time,0.482,seconds,1
duckdb,release,tpch,q17,query_time,1.63,seconds,1
duckdb,release,tpch,q18,query_time,1.706,seconds,1
duckdb,release,tpch,q19,query_time,2.579,seconds,1
duckdb,release,tpch,q20,query_time,1.787,seconds,1
duckdb,release,tpch,q21,query_time,2.448,seconds,1
duckdb,release,tpch,q22,query_time,0.426,seconds,1
duckdb,release-mte,tpch,q1,query_time,1.388,seconds,1
duckdb,release-mte,tpch,q2,query_time,0.507,seconds,1
duckdb,release-mte,tpch,q3,query_time,2.095,seconds,1
duckdb,release-mte,tpch,q4,query_time,1.792,seconds,1
duckdb,release-mte,tpch,q5,query_time,2.052,seconds,1
duckdb,release-mte,tpch,q6,query_time,1.366,seconds,1
duckdb,release-mte,tpch,q7,query_time,2.407,seconds,1
duckdb,release-mte,tpch,q8,query_time,3.056,seconds,1
duckdb,release-mte,tpch,q9,query_time,4.156,seconds,1
duckdb,release-mte,tpch,q10,query_time,2.23,seconds,1
duckdb,release-mte,tpch,q11,query_time,0.315,seconds,1
duckdb,release-mte,tpch,q12,query_time,1.819,seconds,1
duckdb,release-mte,tpch,q13,query_time,1.713,seconds,1
duckdb,release-mte,tpch,q14,query_time,1.924,seconds,1
duckdb,release-mte,tpch,q15,query_time,1.778,seconds,1
duckdb,release-mte,tpch,q16,query_time,0.48,seconds,1
duckdb,release-mte,tpch,q17,query_time,1.97,seconds,1
duckdb,release-mte,tpch,q18,query_time,1.768,seconds,1
duckdb,release-mte,tpch,q19,query_time,2.648,seconds,1
duckdb,release-mte,tpch,q20,query_time,2.001,seconds,1
duckdb,release-mte,tpch,q21,query_time,3.494,seconds,1
duckdb,release-mte,tpch,q22,query_time,0.515,seconds,1
duckdb,release-cold,tpch,q1,query_time,1.515,seconds,1
duckdb,release-cold,tpch,q2,query_time,0.482,seconds,1
duckdb,release-cold,tpch,q3,query_time,1.779,seconds,1
duckdb,release-cold,tpch,q4,query_time,1.614,seconds,1
duckdb,release-cold,tpch,q5,query_time,1.951,seconds,1
duckdb,release-cold,tpch,q6,query_time,1.168,seconds,1
duckdb,release-cold,tpch,q7,query_time,2.055,seconds,1
duckdb,release-cold,tpch,q8,query_time,2.116,seconds,1
duckdb,release-cold,tpch,q9,query_time,3.936,seconds,1
duckdb,release-cold,tpch,q10,query_time,2.932,seconds,1
duckdb,release-cold,tpch,q11,query_time,0.475,seconds,1
duckdb,release-cold,tpch,q12,query_time,1.735,seconds,1
duckdb,release-cold,tpch,q13,query_time,1.522,seconds,1
duckdb,release-cold,tpch,q14,query_time,1.653,seconds,1
duckdb,release-cold,tpch,q15,query_time,1.67,seconds,1
duckdb,release-cold,tpch,q16,query_time,0.484,seconds,1
duckdb,release-cold,tpch,q17,query_time,1.478,seconds,1
duckdb,release-cold,tpch,q18,query_time,1.848,seconds,1
duckdb,release-cold,tpch,q19,query_time,2.485,seconds,1
duckdb,release-cold,tpch,q20,query_time,1.841,seconds,1
duckdb,release-cold,tpch,q21,query_time,2.531,seconds,1
duckdb,release-cold,tpch,q22,query_time,0.454,seconds,1
duckdb,release-mte-cold,tpch,q1,query_time,1.452,seconds,1
duckdb,release-mte-cold,tpch,q2,query_time,0.557,seconds,1
duckdb,release-mte-cold,tpch,q3,query_time,1.943,seconds,1
duckdb,release-mte-cold,tpch,q4,query_time,1.73,seconds,1
duckdb,release-mte-cold,tpch,q5,query_time,2.094,seconds,1
duckdb,release-mte-cold,tpch,q6,query_time,1.393,seconds,1
duckdb,release-mte-cold,tpch,q7,query_time,2.532,seconds,1
duckdb,release-mte-cold,tpch,q8,query_time,2.436,seconds,1
duckdb,release-mte-cold,tpch,q9,query_time,4.395,seconds,1
duckdb,release-mte-cold,tpch,q10,query_time,2.449,seconds,1
duckdb,release-mte-cold,tpch,q11,query_time,0.319,seconds,1
duckdb,release-mte-cold,tpch,q12,query_time,1.947,seconds,1
duckdb,release-mte-cold,tpch,q13,query_time,2.046,seconds,1
duckdb,release-mte-cold,tpch,q14,query_time,2.281,seconds,1
duckdb,release-mte-cold,tpch,q15,query_time,1.816,seconds,1
duckdb,release-mte-cold,tpch,q16,query_time,0.534,seconds,1
duckdb,release-mte-cold,tpch,q17,query_time,1.798,seconds,1
duckdb,release-mte-cold,tpch,q18,query_time,2.235,seconds,1
duckdb,release-mte-cold,tpch,q19,query_time,2.631,seconds,1
duckdb,release-mte-cold,tpch,q20,query_time,2.009,seconds,1
duckdb,release-mte-cold,tpch,q21,query_time,3.637,seconds,1
duckdb,release-mte-cold,tpch,q22,query_time,0.446,seconds,1
duckdb,release,tpch,q1,query_time,1.218,seconds,2
duckdb,release,tpch,q2,query_time,0.484,seconds,2
duckdb,release,tpch,q3,query_time,1.657,seconds,2
duckdb,release,tpch,q4,query_time,1.652,seconds,2
duckdb,release,tpch,q5,query_time,1.813,seconds,2
duckdb,release,tpch,q6,query_time,1.259,seconds,2
duckdb,release,tpch,q7,query_time,2.012,seconds,2
duckdb,release,tpch,q8,query_time,2.105,seconds,2
duckdb,release,tpch,q9,query_time,4.011,seconds,2
duckdb,release,tpch,q10,query_time,2.175,seconds,2
duckdb,release,tpch,q11,query_time,0.31,seconds,2
duckdb,release,tpch,q12,query_time,1.642,seconds,2
duckdb,release,tpch,q13,query_time,1.584,seconds,2
duckdb,release,tpch,q14,query_time,1.543,seconds,2
duckdb,release,tpch,q15,query_time,1.672,seconds,2
duckdb,release,tpch,q16,query_time,0.489,seconds,2
duckdb,release,tpch,q17,query_time,1.535,seconds,2
duckdb,release,tpch,q18,query_time,1.778,seconds,2
duckdb,release,tpch,q19,query_time,2.413,seconds,2
duckdb,release,tpch,q20,query_time,1.861,seconds,2
duckdb,release,tpch,q21,query_time,2.477,seconds,2
duckdb,release,tpch,q22,query_time,0.413,seconds,2
duckdb,release-mte,tpch,q1,query_time,1.423,seconds,2
duckdb,release-mte,tpch,q2,query_time,0.46,seconds,2
duckdb,release-mte,tpch,q3,query_time,2.044,seconds,2
duckdb,release-mte,tpch,q4,query_time,1.855,seconds,2
duckdb,release-mte,tpch,q5,query_time,2.908,seconds,2
duckdb,release-mte,tpch,q6,query_time,1.317,seconds,2
duckdb,release-mte,tpch,q7,query_time,2.481,seconds,2
duckdb,release-mte,tpch,q8,query_time,2.579,seconds,2
duckdb,release-mte,tpch,q9,query_time,4.189,seconds,2
duckdb,release-mte,tpch,q10,query_time,2.327,seconds,2
duckdb,release-mte,tpch,q11,query_time,0.304,seconds,2
duckdb,release-mte,tpch,q12,query_time,1.893,seconds,2
duckdb,release-mte,tpch,q13,query_time,1.589,seconds,2
duckdb,release-mte,tpch,q14,query_time,1.882,seconds,2
duckdb,release-mte,tpch,q15,query_time,1.847,seconds,2
duckdb,release-mte,tpch,q16,query_time,0.485,seconds,2
duckdb,release-mte,tpch,q17,query_time,1.751,seconds,2
duckdb,release-mte,tpch,q18,query_time,1.935,seconds,2
duckdb,release-mte,tpch,q19,query_time,2.589,seconds,2
duckdb,release-mte,tpch,q20,query_time,1.893,seconds,2
duckdb,release-mte,tpch,q21,query_time,3.393,seconds,2
duckdb,release-mte,tpch,q22,query_time,0.478,seconds,2
duckdb,release-cold,tpch,q1,query_time,1.488,seconds,2
duckdb,release-cold,tpch,q2,query_time,0.49,seconds,2
duckdb,release-cold,tpch,q3,query_time,1.705,seconds,2
duckdb,release-cold,tpch,q4,query_time,1.533,seconds,2
duckdb,release-cold,tpch,q5,query_time,1.969,seconds,2
duckdb,release-cold,tpch,q6,query_time,1.258,seconds,2
duckdb,release-cold,tpch,q7,query_time,2.101,seconds,2
duckdb,release-cold,tpch,q8,query_time,3.28,seconds,2
duckdb,release-cold,tpch,q9,query_time,4.26,seconds,2
duckdb,release-cold,tpch,q10,query_time,2.358,seconds,2
duckdb,release-cold,tpch,q11,query_time,0.316,seconds,2
duckdb,release-cold,tpch,q12,query_time,1.563,seconds,2
duckdb,release-cold,tpch,q13,query_time,1.693,seconds,2
duckdb,release-cold,tpch,q14,query_time,1.724,seconds,2
duckdb,release-cold,tpch,q15,query_time,1.664,seconds,2
duckdb,release-cold,tpch,q16,query_time,0.498,seconds,2
duckdb,release-cold,tpch,q17,query_time,1.584,seconds,2
duckdb,release-cold,tpch,q18,query_time,1.976,seconds,2
duckdb,release-cold,tpch,q19,query_time,2.321,seconds,2
duckdb,release-cold,tpch,q20,query_time,1.832,seconds,2
duckdb,release-cold,tpch,q21,query_time,2.568,seconds,2
duckdb,release-cold,tpch,q22,query_time,0.529,seconds,2
duckdb,release-mte-cold,tpch,q1,query_time,1.506,seconds,2
duckdb,release-mte-cold,tpch,q2,query_time,0.577,seconds,2
duckdb,release-mte-cold,tpch,q3,query_time,1.986,seconds,2
duckdb,release-mte-cold,tpch,q4,query_time,1.619,seconds,2
duckdb,release-mte-cold,tpch,q5,query_time,2.066,seconds,2
duckdb,release-mte-cold,tpch,q6,query_time,1.61,seconds,2
duckdb,release-mte-cold,tpch,q7,query_time,2.406,seconds,2
duckdb,release-mte-cold,tpch,q8,query_time,2.405,seconds,2
duckdb,release-mte-cold,tpch,q9,query_time,4.649,seconds,2
duckdb,release-mte-cold,tpch,q10,query_time,2.83,seconds,2
duckdb,release-mte-cold,tpch,q11,query_time,0.335,seconds,2
duckdb,release-mte-cold,tpch,q12,query_time,1.738,seconds,2
duckdb,release-mte-cold,tpch,q13,query_time,1.794,seconds,2
duckdb,release-mte-cold,tpch,q14,query_time,2.026,seconds,2
duckdb,release-mte-cold,tpch,q15,query_time,1.896,seconds,2
duckdb,release-mte-cold,tpch,q16,query_time,0.527,seconds,2
duckdb,release-mte-cold,tpch,q17,query_time,1.862,seconds,2
duckdb,release-mte-cold,tpch,q18,query_time,2.024,seconds,2
duckdb,release-mte-cold,tpch,q19,query_time,2.826,seconds,2
duckdb,release-mte-cold,tpch,q20,query_time,2.099,seconds,2
duckdb,release-mte-cold,tpch,q21,query_time,3.501,seconds,2
duckdb,release-mte-cold,tpch,q22,query_time,0.505,seconds,2
redis,dynamic,ycsb,a,throughput,14749.26,ops/sec,0
redis,dynamic,ycsb,b,throughput,14367.82,ops/sec,0
redis,dynamic,ycsb,c,throughput,14245.01,ops/sec,0
redis,dynamic,ycsb,d,throughput,13297.87,ops/sec,0
redis,dynamic,ycsb,e,throughput,368.51,ops/sec,0
redis,dynamic,ycsb,f,throughput,10172.94,ops/sec,0
redis,mte,ycsb,a,throughput,14450.87,ops/sec,0
redis,mte,ycsb,b,throughput,13793.1,ops/sec,0
redis,mte,ycsb,c,throughput,14044.94,ops/sec,0
redis,mte,ycsb,d,throughput,13140.6,ops/sec,0
redis,mte,ycsb,e,throughput,348.26,ops/sec,0
redis,mte,ycsb,f,throughput,9832.84,ops/sec,0
redis,static,ycsb,a,throughput,17921.15,ops/sec,0
redis,static,ycsb,b,throughput,17857.14,ops/sec,0
redis,static,ycsb,c,throughput,18975.33,ops/sec,0
redis,static,ycsb,d,throughput,18181.82,ops/sec,0
redis,static,ycsb,e,throughput,765.28,ops/sec,0
redis,static,ycsb,f,throughput,14534.88,ops/sec,0
redis,cheri,ycsb,a,throughput,18050.54,ops/sec,0
redis,cheri,ycsb,b,throughput,18484.29,ops/sec,0
redis,cheri,ycsb,c,throughput,19880.72,ops/sec,0
redis,cheri,ycsb,d,throughput,16638.94,ops/sec,0
redis,cheri,ycsb,e,throughput,674.54,ops/sec,0
redis,cheri,ycsb,f,throughput,14639.82,ops/sec,0
redis,dynamic,ycsb,a,throughput,14925.37,ops/sec,1
redis,dynamic,ycsb,b,throughput,14534.88,ops/sec,1
redis,dynamic,ycsb,c,throughput,14326.65,ops/sec,1
redis,dynamic,ycsb,d,throughput,13422.82,ops/sec,1
redis,dynamic,ycsb,e,throughput,362.6,ops/sec,1
redis,dynamic,ycsb,f,throughput,10121.46,ops/sec,1
redis,mte,ycsb,a,throughput,14492.75,ops/sec,1
redis,mte,ycsb,b,throughput,13850.42,ops/sec,1
redis,mte,ycsb,c,throughput,13774.1,ops/sec,1
redis,mte,ycsb,d,throughput,12987.01,ops/sec,1
redis,mte,ycsb,e,throughput,379.52,ops/sec,1
redis,mte,ycsb,f,throughput,9794.32,ops/sec,1
redis,static,ycsb,a,throughput,17636.68,ops/sec,1
redis,static,ycsb,b,throughput,16835.02,ops/sec,1
redis,static,ycsb,c,throughput,18450.18,ops/sec,1
redis,static,ycsb,d,throughput,18344.95,ops/sec,1
redis,static,ycsb,e,throughput,752.27,ops/sec,1
redis,static,ycsb,f,throughput,15015.02,ops/sec,1
redis,cheri,ycsb,a,throughput,17543.86,ops/sec,1
redis,cheri,ycsb,b,throughput,16528.93,ops/sec,1
redis,cheri,ycsb,c,throughput,18083.18,ops/sec,1
redis,cheri,ycsb,d,throughput,15923.57,ops/sec,1
redis,cheri,ycsb,e,throughput,705.9,ops/sec,1
redis,cheri,ycsb,f,throughput,15151.52,ops/sec,1
redis,dynamic,ycsb,a,throughput,14947.68,ops/sec,2
redis,dynamic,ycsb,b,throughput,14104.37,ops/sec,2
redis,dynamic,ycsb,c,throughput,14388.49,ops/sec,2
redis,dynamic,ycsb,d,throughput,13422.82,ops/sec,2
redis,dynamic,ycsb,e,throughput,368.32,ops/sec,2
redis,dynamic,ycsb,f,throughput,10214.5,ops/sec,2
redis,mte,ycsb,a,throughput,14534.88,ops/sec,2
redis,mte,ycsb,b,throughput,13550.14,ops/sec,2
redis,mte,ycsb,c,throughput,13755.16,ops/sec,2
redis,mte,ycsb,d,throughput,12886.6,ops/sec,2
redis,mte,ycsb,e,throughput,340.37,ops/sec,2
redis,mte,ycsb,f,throughput,10000.0,ops/sec,2
redis,static,ycsb,a,throughput,20283.98,ops/sec,2
redis,static,ycsb,b,throughput,19230.77,ops/sec,2
redis,static,ycsb,c,throughput,21231.42,ops/sec,2
redis,static,ycsb,d,throughput,18939.39,ops/sec,2
redis,static,ycsb,e,throughput,764.14,ops/sec,2
redis,static,ycsb,f,throughput,15527.95,ops/sec,2
redis,cheri,ycsb,a,throughput,18112.32,ops/sec,2
redis,cheri,ycsb,b,throughput,18587.36,ops/sec,2
redis,cheri,ycsb,c,throughput,19417.48,ops/sec,2
redis,cheri,ycsb,d,throughput,17361.11,ops/sec,2
redis,cheri,ycsb,e,throughput,692.41,ops/sec,2
redis,cheri,ycsb,f,throughput,14450.87,ops/sec,2
mysql,release,sysbench,oltp_read_write,tps,1726.0,txn/sec,0
mysql,release,sysbench,oltp_read_write,qps,34522.94,queries/sec,0
mysql,release,sysbench,oltp_read_write,latency_avg,2.32,ms,0
mysql,release,sysbench,oltp_read_write,latency_p95,3.62,ms,0
mysql,release-mte,sysbench,oltp_read_write,tps,1577.34,txn/sec,0
mysql,release-mte,sysbench,oltp_read_write,qps,31549.83,queries/sec,0
mysql,release-mte,sysbench,oltp_read_write,latency_avg,2.53,ms,0
mysql,release-mte,sysbench,oltp_read_write,latency_p95,3.82,ms,0
mysql,release,sysbench,oltp_read_write,tps,1599.23,txn/sec,1
mysql,release,sysbench,oltp_read_write,qps,31987.39,queries/sec,1
mysql,release,sysbench,oltp_read_write,latency_avg,2.5,ms,1
mysql,release,sysbench,oltp_read_write,latency_p95,3.75,ms,1
mysql,release-mte,sysbench,oltp_read_write,tps,1565.73,txn/sec,1
mysql,release-mte,sysbench,oltp_read_write,qps,31315.19,queries/sec,1
mysql,release-mte,sysbench,oltp_read_write,latency_avg,2.55,ms,1
mysql,release-mte,sysbench,oltp_read_write,latency_p95,3.75,ms,1
mysql,release,sysbench,oltp_read_write,tps,1720.72,txn/sec,2
mysql,release,sysbench,oltp_read_write,qps,34417.96,queries/sec,2
mysql,release,sysbench,oltp_read_write,latency_avg,2.32,ms,2
mysql,release,sysbench,oltp_read_write,latency_p95,3.49,ms,2
mysql,release-mte,sysbench,oltp_read_write,tps,1575.68,txn/sec,2
mysql,release-mte,sysbench,oltp_read_write,qps,31515.2,queries/sec,2
mysql,release-mte,sysbench,oltp_read_write,latency_avg,2.54,ms,2
mysql,release-mte,sysbench,oltp_read_write,latency_p95,3.68,ms,2
leveldb_motiv,release-mte,db_bench,fillrandom_t1,latency_avg,7.447,us,0
leveldb_motiv,release-mte,db_bench,fillrandom_t1,latency_stddev,98.86,us,0
leveldb_motiv,release-mte,db_bench,fillrandom_t1,latency_min,3.0,us,0
leveldb_motiv,release-mte,db_bench,fillrandom_t1,latency_median,5.5211,us,0
leveldb_motiv,release-mte,db_bench,fillrandom_t1,latency_max,8057.0,us,0
leveldb_motiv,release-mte,db_bench,readrandom_t1,latency_avg,3.539,us,0
leveldb_motiv,release-mte,db_bench,readrandom_t1,latency_stddev,46.55,us,0
leveldb_motiv,release-mte,db_bench,readrandom_t1,latency_min,0.0,us,0
leveldb_motiv,release-mte,db_bench,readrandom_t1,latency_median,3.2231,us,0
leveldb_motiv,release-mte,db_bench,readrandom_t1,latency_max,8056.0,us,0
leveldb_motiv,release-dynamic,db_bench,fillrandom_t1,latency_avg,6.923,us,0
leveldb_motiv,release-dynamic,db_bench,fillrandom_t1,latency_stddev,94.38,us,0
leveldb_motiv,release-dynamic,db_bench,fillrandom_t1,latency_min,3.0,us,0
leveldb_motiv,release-dynamic,db_bench,fillrandom_t1,latency_median,5.252,us,0
leveldb_motiv,release-dynamic,db_bench,fillrandom_t1,latency_max,8040.0,us,0
leveldb_motiv,release-dynamic,db_bench,readrandom_t1,latency_avg,3.075,us,0
leveldb_motiv,release-dynamic,db_bench,readrandom_t1,latency_stddev,44.43,us,0
leveldb_motiv,release-dynamic,db_bench,readrandom_t1,latency_min,0.0,us,0
leveldb_motiv,release-dynamic,db_bench,readrandom_t1,latency_median,2.7067,us,0
leveldb_motiv,release-dynamic,db_bench,readrandom_t1,latency_max,8074.0,us,0
leveldb_motiv,release-asan,db_bench,fillrandom_t1,latency_avg,13.695,us,0
leveldb_motiv,release-asan,db_bench,fillrandom_t1,latency_stddev,148.78,us,0
leveldb_motiv,release-asan,db_bench,fillrandom_t1,latency_min,4.0,us,0
leveldb_motiv,release-asan,db_bench,fillrandom_t1,latency_median,8.6268,us,0
leveldb_motiv,release-asan,db_bench,fillrandom_t1,latency_max,8053.0,us,0
leveldb_motiv,release-asan,db_bench,readrandom_t1,latency_avg,14.301,us,0
leveldb_motiv,release-asan,db_bench,readrandom_t1,latency_stddev,92.51,us,0
leveldb_motiv,release-asan,db_bench,readrandom_t1,latency_min,1.0,us,0
leveldb_motiv,release-asan,db_bench,readrandom_t1,latency_median,12.153,us,0
leveldb_motiv,release-asan,db_bench,readrandom_t1,latency_max,11134.0,us,0
leveldb_motiv,release-static,db_bench,fillrandom_t1,latency_avg,4.314,us,0
leveldb_motiv,release-static,db_bench,fillrandom_t1,latency_stddev,87.98,us,0
leveldb_motiv,release-static,db_bench,fillrandom_t1,latency_min,1.0,us,0
leveldb_motiv,release-static,db_bench,fillrandom_t1,latency_median,2.7687,us,0
leveldb_motiv,release-static,db_bench,fillrandom_t1,latency_max,8022.0,us,0
leveldb_motiv,release-static,db_bench,readrandom_t1,latency_avg,4.825,us,0
leveldb_motiv,release-static,db_bench,readrandom_t1,latency_stddev,42.89,us,0
leveldb_motiv,release-static,db_bench,readrandom_t1,latency_min,0.0,us,0
leveldb_motiv,release-static,db_bench,readrandom_t1,latency_median,4.6841,us,0
leveldb_motiv,release-static,db_bench,readrandom_t1,latency_max,6098.0,us,0
leveldb_motiv,release-cheri,db_bench,fillrandom_t1,latency_avg,6.16,us,0
leveldb_motiv,release-cheri,db_bench,fillrandom_t1,latency_stddev,107.13,us,0
leveldb_motiv,release-cheri,db_bench,fillrandom_t1,latency_min,1.0,us,0
leveldb_motiv,release-cheri,db_bench,fillrandom_t1,latency_median,3.784,us,0
leveldb_motiv,release-cheri,db_bench,fillrandom_t1,latency_max,8065.0,us,0
leveldb_motiv,release-cheri,db_bench,readrandom_t1,latency_avg,6.839,us,0
leveldb_motiv,release-cheri,db_bench,readrandom_t1,latency_stddev,55.06,us,0
leveldb_motiv,release-cheri,db_bench,readrandom_t1,latency_min,1.0,us,0
leveldb_motiv,release-cheri,db_bench,readrandom_t1,latency_median,6.3321,us,0
leveldb_motiv,release-cheri,db_bench,readrandom_t1,latency_max,8023.0,us,0
leveldb_motiv,release-mte,db_bench,fillrandom_t1,latency_avg,7.496,us,1
leveldb_motiv,release-mte,db_bench,fillrandom_t1,latency_stddev,98.23,us,1
leveldb_motiv,release-mte,db_bench,fillrandom_t1,latency_min,3.0,us,1
leveldb_motiv,release-mte,db_bench,fillrandom_t1,latency_median,5.5434,us,1
leveldb_motiv,release-mte,db_bench,fillrandom_t1,latency_max,8090.0,us,1
leveldb_motiv,release-mte,db_bench,readrandom_t1,latency_avg,3.495,us,1
leveldb_motiv,release-mte,db_bench,readrandom_t1,latency_stddev,46.35,us,1
leveldb_motiv,release-mte,db_bench,readrandom_t1,latency_min,0.0,us,1
leveldb_motiv,release-mte,db_bench,readrandom_t1,latency_median,3.1538,us,1
leveldb_motiv,release-mte,db_bench,readrandom_t1,latency_max,8046.0,us,1
leveldb_motiv,release-dynamic,db_bench,fillrandom_t1,latency_avg,6.915,us,1
leveldb_motiv,release-dynamic,db_bench,fillrandom_t1,latency_stddev,95.17,us,1
leveldb_motiv,release-dynamic,db_bench,fillrandom_t1,latency_min,3.0,us,1
leveldb_motiv,release-dynamic,db_bench,fillrandom_t1,latency_median,5.2363,us,1
leveldb_motiv,release-dynamic,db_bench,fillrandom_t1,latency_max,8142.0,us,1
leveldb_motiv,release-dynamic,db_bench,readrandom_t1,latency_avg,3.067,us,1
leveldb_motiv,release-dynamic,db_bench,readrandom_t1,latency_stddev,43.85,us,1
leveldb_motiv,release-dynamic,db_bench,readrandom_t1,latency_min,0.0,us,1
leveldb_motiv,release-dynamic,db_bench,readrandom_t1,latency_median,2.705,us,1
leveldb_motiv,release-dynamic,db_bench,readrandom_t1,latency_max,5173.0,us,1
leveldb_motiv,release-asan,db_bench,fillrandom_t1,latency_avg,13.656,us,1
leveldb_motiv,release-asan,db_bench,fillrandom_t1,latency_stddev,148.57,us,1
leveldb_motiv,release-asan,db_bench,fillrandom_t1,latency_min,4.0,us,1
leveldb_motiv,release-asan,db_bench,fillrandom_t1,latency_median,8.5924,us,1
leveldb_motiv,release-asan,db_bench,fillrandom_t1,latency_max,8102.0,us,1
leveldb_motiv,release-asan,db_bench,readrandom_t1,latency_avg,14.248,us,1
leveldb_motiv,release-asan,db_bench,readrandom_t1,latency_stddev,92.23,us,1
leveldb_motiv,release-asan,db_bench,readrandom_t1,latency_min,1.0,us,1
leveldb_motiv,release-asan,db_bench,readrandom_t1,latency_median,12.0953,us,1
leveldb_motiv,release-asan,db_bench,readrandom_t1,latency_max,12464.0,us,1
leveldb_motiv,release-static,db_bench,fillrandom_t1,latency_avg,4.305,us,1
leveldb_motiv,release-static,db_bench,fillrandom_t1,latency_stddev,87.4,us,1
leveldb_motiv,release-static,db_bench,fillrandom_t1,latency_min,1.0,us,1
leveldb_motiv,release-static,db_bench,fillrandom_t1,latency_median,2.7649,us,1
leveldb_motiv,release-static,db_bench,fillrandom_t1,latency_max,8033.0,us,1
leveldb_motiv,release-static,db_bench,readrandom_t1,latency_avg,5.029,us,1
leveldb_motiv,release-static,db_bench,readrandom_t1,latency_stddev,48.24,us,1
leveldb_motiv,release-static,db_bench,readrandom_t1,latency_min,0.0,us,1
leveldb_motiv,release-static,db_bench,readrandom_t1,latency_median,4.7184,us,1
leveldb_motiv,release-static,db_bench,readrandom_t1,latency_max,8017.0,us,1
leveldb_motiv,release-cheri,db_bench,fillrandom_t1,latency_avg,6.2,us,1
leveldb_motiv,release-cheri,db_bench,fillrandom_t1,latency_stddev,105.07,us,1
leveldb_motiv,release-cheri,db_bench,fillrandom_t1,latency_min,2.0,us,1
leveldb_motiv,release-cheri,db_bench,fillrandom_t1,latency_median,3.8031,us,1
leveldb_motiv,release-cheri,db_bench,fillrandom_t1,latency_max,8022.0,us,1
leveldb_motiv,release-cheri,db_bench,readrandom_t1,latency_avg,6.876,us,1
leveldb_motiv,release-cheri,db_bench,readrandom_t1,latency_stddev,55.55,us,1
leveldb_motiv,release-cheri,db_bench,readrandom_t1,latency_min,1.0,us,1
leveldb_motiv,release-cheri,db_bench,readrandom_t1,latency_median,6.3532,us,1
leveldb_motiv,release-cheri,db_bench,readrandom_t1,latency_max,8069.0,us,1
leveldb_motiv,release-mte,db_bench,fillrandom_t1,latency_avg,7.475,us,2
leveldb_motiv,release-mte,db_bench,fillrandom_t1,latency_stddev,99.01,us,2
leveldb_motiv,release-mte,db_bench,fillrandom_t1,latency_min,3.0,us,2
leveldb_motiv,release-mte,db_bench,fillrandom_t1,latency_median,5.5367,us,2
leveldb_motiv,release-mte,db_bench,fillrandom_t1,latency_max,8061.0,us,2
leveldb_motiv,release-mte,db_bench,readrandom_t1,latency_avg,3.473,us,2
leveldb_motiv,release-mte,db_bench,readrandom_t1,latency_stddev,46.47,us,2
leveldb_motiv,release-mte,db_bench,readrandom_t1,latency_min,0.0,us,2
leveldb_motiv,release-mte,db_bench,readrandom_t1,latency_median,3.1599,us,2
leveldb_motiv,release-mte,db_bench,readrandom_t1,latency_max,8040.0,us,2
leveldb_motiv,release-dynamic,db_bench,fillrandom_t1,latency_avg,6.899,us,2
leveldb_motiv,release-dynamic,db_bench,fillrandom_t1,latency_stddev,94.59,us,2
leveldb_motiv,release-dynamic,db_bench,fillrandom_t1,latency_min,3.0,us,2
leveldb_motiv,release-dynamic,db_bench,fillrandom_t1,latency_median,5.235,us,2
leveldb_motiv,release-dynamic,db_bench,fillrandom_t1,latency_max,8035.0,us,2
leveldb_motiv,release-dynamic,db_bench,readrandom_t1,latency_avg,3.051,us,2
leveldb_motiv,release-dynamic,db_bench,readrandom_t1,latency_stddev,44.11,us,2
leveldb_motiv,release-dynamic,db_bench,readrandom_t1,latency_min,0.0,us,2
leveldb_motiv,release-dynamic,db_bench,readrandom_t1,latency_median,2.7088,us,2
leveldb_motiv,release-dynamic,db_bench,readrandom_t1,latency_max,8058.0,us,2
leveldb_motiv,release-asan,db_bench,fillrandom_t1,latency_avg,13.687,us,2
leveldb_motiv,release-asan,db_bench,fillrandom_t1,latency_stddev,148.53,us,2
leveldb_motiv,release-asan,db_bench,fillrandom_t1,latency_min,4.0,us,2
leveldb_motiv,release-asan,db_bench,fillrandom_t1,latency_median,8.603,us,2
leveldb_motiv,release-asan,db_bench,fillrandom_t1,latency_max,8274.0,us,2
leveldb_motiv,release-asan,db_bench,readrandom_t1,latency_avg,14.27,us,2
leveldb_motiv,release-asan,db_bench,readrandom_t1,latency_stddev,91.92,us,2
leveldb_motiv,release-asan,db_bench,readrandom_t1,latency_min,1.0,us,2
leveldb_motiv,release-asan,db_bench,readrandom_t1,latency_median,12.0706,us,2
leveldb_motiv,release-asan,db_bench,readrandom_t1,latency_max,8129.0,us,2
leveldb_motiv,release-static,db_bench,fillrandom_t1,latency_avg,4.297,us,2
leveldb_motiv,release-static,db_bench,fillrandom_t1,latency_stddev,87.36,us,2
leveldb_motiv,release-static,db_bench,fillrandom_t1,latency_min,1.0,us,2
leveldb_motiv,release-static,db_bench,fillrandom_t1,latency_median,2.7585,us,2
leveldb_motiv,release-static,db_bench,fillrandom_t1,latency_max,8023.0,us,2
leveldb_motiv,release-static,db_bench,readrandom_t1,latency_avg,4.844,us,2
leveldb_motiv,release-static,db_bench,readrandom_t1,latency_stddev,42.69,us,2
leveldb_motiv,release-static,db_bench,readrandom_t1,latency_min,0.0,us,2
leveldb_motiv,release-static,db_bench,readrandom_t1,latency_median,4.6985,us,2
leveldb_motiv,release-static,db_bench,readrandom_t1,latency_max,6229.0,us,2
leveldb_motiv,release-cheri,db_bench,fillrandom_t1,latency_avg,6.174,us,2
leveldb_motiv,release-cheri,db_bench,fillrandom_t1,latency_stddev,105.82,us,2
leveldb_motiv,release-cheri,db_bench,fillrandom_t1,latency_min,1.0,us,2
leveldb_motiv,release-cheri,db_bench,fillrandom_t1,latency_median,3.7916,us,2
leveldb_motiv,release-cheri,db_bench,fillrandom_t1,latency_max,8026.0,us,2
leveldb_motiv,release-cheri,db_bench,readrandom_t1,latency_avg,6.882,us,2
leveldb_motiv,release-cheri,db_bench,readrandom_t1,latency_stddev,55.86,us,2
leveldb_motiv,release-cheri,db_bench,readrandom_t1,latency_min,1.0,us,2
leveldb_motiv,release-cheri,db_bench,readrandom_t1,latency_median,6.3592,us,2
leveldb_motiv,release-cheri,db_bench,readrandom_t1,latency_max,8029.0,us,2
